record_id,source_name,source_type,title,text,author,url,posted_at,engagement_score,comments_count,tags,content_hash,collected_at,quality_status
48312337,hacker_news,discussion,AI Agent Frameworks Comparison,,jackalxyz,https://deepresearch.ninja/2026/05/AI-Agent-Frameworks-A-Comparative-Analysis-of-DSPy-Claude-Agent-SDK-OpenAI-Agents-SDK-CrewAI-AutoGen-LangGraph-and-Google-ADK/,2026-05-28,3,1,ai agents,hacker_news|AI Agent Frameworks Comparison|https://deepresearch.ninja/2026/05/AI-Agent-Frameworks-A-Comparative-Analysis-of-DSPy-Claude-Agent-SDK-OpenAI-Agents-SDK-CrewAI-AutoGen-LangGraph-and-Google-ADK/,2026-05-28,complete
48311685,hacker_news,discussion,Un asistente de IA que termina tareas reales en tu ordenador,,dash_ai,https://news.ycombinator.com/item?id=48311685,2026-05-28,1,0,ai agents,hacker_news|Un asistente de IA que termina tareas reales en tu ordenador|https://news.ycombinator.com/item?id=48311685,2026-05-28,complete
48310448,hacker_news,discussion,Why $/token is the wrong metric for Enterprise AI (agentic) applications,,ravikiran9gopal,https://canyoncode.ai/blog/beyond-per-token,2026-05-28,2,0,ai agents,hacker_news|Why $/token is the wrong metric for Enterprise AI (agentic) applications|https://canyoncode.ai/blog/beyond-per-token,2026-05-28,complete
48310211,hacker_news,discussion,Show HN: AI Skill to port PostgreSQL extensions to MySQL,,deesix,https://github.com/villagesql/villagesql-skills,2026-05-28,2,0,ai agents,hacker_news|Show HN: AI Skill to port PostgreSQL extensions to MySQL|https://github.com/villagesql/villagesql-skills,2026-05-28,complete
48309501,hacker_news,discussion,Show HN: Search Router – retrieval-ready web search for AI agents,,KolibriFly,https://github.com/search-router/simple-search,2026-05-28,2,0,ai agents,hacker_news|Show HN: Search Router – retrieval-ready web search for AI agents|https://github.com/search-router/simple-search,2026-05-28,complete
48309393,hacker_news,discussion,"The enterprise security risks of autonomous AI agents, and how to manage them",,volshield,https://www.volshield.com/intel/autonomous-ai-agent-dilemma,2026-05-28,1,0,ai agents,"hacker_news|The enterprise security risks of autonomous AI agents, and how to manage them|https://www.volshield.com/intel/autonomous-ai-agent-dilemma",2026-05-28,complete
48309187,hacker_news,discussion,"DeepSWE: Measuring coding agents on original, long-horizon engineering tasks",,sss111,https://deepswe.datacurve.ai/,2026-05-28,1,0,ai agents,"hacker_news|DeepSWE: Measuring coding agents on original, long-horizon engineering tasks|https://deepswe.datacurve.ai/",2026-05-28,complete
48308911,hacker_news,discussion,AI agents get their own phone directory built atop DNS,,Bender,https://www.theregister.com/ai-ml/2026/05/28/ai-agents-get-their-own-phone-directory-built-atop-dns/5247539,2026-05-28,1,0,ai agents,hacker_news|AI agents get their own phone directory built atop DNS|https://www.theregister.com/ai-ml/2026/05/28/ai-agents-get-their-own-phone-directory-built-atop-dns/5247539,2026-05-28,complete
48308822,hacker_news,discussion,Show HN: Scan your AI agent's code for tool calls with no checks,,jguarnelli,https://github.com/Diplomat-ai/diplomat-agent-ts,2026-05-28,1,0,ai agents,hacker_news|Show HN: Scan your AI agent's code for tool calls with no checks|https://github.com/Diplomat-ai/diplomat-agent-ts,2026-05-28,complete
48308798,hacker_news,discussion,Taste Is Necessary but Not Sufficient When Working with Agents,,zazuke,https://www.ssp.sh/brain/having-taste-with-ai/,2026-05-28,3,0,ai agents,hacker_news|Taste Is Necessary but Not Sufficient When Working with Agents|https://www.ssp.sh/brain/having-taste-with-ai/,2026-05-28,complete
48308776,hacker_news,discussion,Vibe Gets to Work,,hacb,https://mistral.ai/news/vibe-agent/,2026-05-28,2,0,ai agents,hacker_news|Vibe Gets to Work|https://mistral.ai/news/vibe-agent/,2026-05-28,complete
48308648,hacker_news,discussion,"AI Agent Governance: Identity, Delegation and Permissions in Practice",,seyz,https://rootcx.com/blog/ai-agent-governance-implementation,2026-05-28,2,0,ai agents,"hacker_news|AI Agent Governance: Identity, Delegation and Permissions in Practice|https://rootcx.com/blog/ai-agent-governance-implementation",2026-05-28,complete
48308376,hacker_news,discussion,Show HN: Continue? Y/N: A 60-second game about AI agent permission fatigue,,Wirbelwind,https://llmgame.scalex.dev,2026-05-28,157,54,ai agents,hacker_news|Show HN: Continue? Y/N: A 60-second game about AI agent permission fatigue|https://llmgame.scalex.dev,2026-05-28,complete
48308157,hacker_news,discussion,Manus and Similarweb: AI Agents Meet Marketing Data,,v-mdev,https://ir.similarweb.com/news-events/press-releases/detail/139/manus-collaborates-with-similarweb-to-give-ai-agents-digital-marketing-insight,2026-05-28,2,0,ai agents,hacker_news|Manus and Similarweb: AI Agents Meet Marketing Data|https://ir.similarweb.com/news-events/press-releases/detail/139/manus-collaborates-with-similarweb-to-give-ai-agents-digital-marketing-insight,2026-05-28,complete
48308148,hacker_news,discussion,"Show HN: AG2B – Run the agent loop in the browser, expose your tools via WebMCP",,notmedia,https://ag2b.ai/docs,2026-05-28,2,0,ai agents,"hacker_news|Show HN: AG2B – Run the agent loop in the browser, expose your tools via WebMCP|https://ag2b.ai/docs",2026-05-28,complete
48308043,hacker_news,discussion,DeltaBox: Scaling Stateful AI Agents with Ms-Level Sandbox Checkpoint/Rollback,,fofoz,https://arxiv.org/abs/2605.22781,2026-05-28,2,0,ai agents,hacker_news|DeltaBox: Scaling Stateful AI Agents with Ms-Level Sandbox Checkpoint/Rollback|https://arxiv.org/abs/2605.22781,2026-05-28,complete
48307455,hacker_news,discussion,I cut my AI API costs 99% by switching from Claude to DeepSeek,,agentbc9000,https://twitter.com/kevinsays/status/2059724146221662339,2026-05-28,33,13,ai agents,hacker_news|I cut my AI API costs 99% by switching from Claude to DeepSeek|https://twitter.com/kevinsays/status/2059724146221662339,2026-05-28,complete
48307438,hacker_news,discussion,Show HN: Local Coding Agent with LLMs to Delegate Tool Calls to Small AI Models,,dsdevjay,https://github.com/district-solutions/open-agent-tools-coder,2026-05-28,9,0,ai agents,hacker_news|Show HN: Local Coding Agent with LLMs to Delegate Tool Calls to Small AI Models|https://github.com/district-solutions/open-agent-tools-coder,2026-05-28,complete
48306902,hacker_news,discussion,Show HN: I packaged a Python AI agent and Vue dashboard into one Electron app,,sir1st,https://github.com/sir1st/hermes-desktop,2026-05-28,2,0,ai agents,hacker_news|Show HN: I packaged a Python AI agent and Vue dashboard into one Electron app|https://github.com/sir1st/hermes-desktop,2026-05-28,complete
48306576,hacker_news,discussion,Superpowers: An Agentic Skills Framework for AI Coding Workflows,,v-mdev,https://github.com/obra/superpowers,2026-05-28,2,0,ai agents,hacker_news|Superpowers: An Agentic Skills Framework for AI Coding Workflows|https://github.com/obra/superpowers,2026-05-28,complete
48306196,hacker_news,discussion,Taste Skill: An Anti-Slop Front End Framework for AI Agents,,steveharing1,https://github.com/Leonxlnx/taste-skill,2026-05-28,3,0,ai agents,hacker_news|Taste Skill: An Anti-Slop Front End Framework for AI Agents|https://github.com/Leonxlnx/taste-skill,2026-05-28,complete
48306140,hacker_news,discussion,Everyone's building AI agents that remember. I built one that has a body,,barronai,https://sbarron.com,2026-05-28,2,0,ai agents,hacker_news|Everyone's building AI agents that remember. I built one that has a body|https://sbarron.com,2026-05-28,complete
48305822,hacker_news,discussion,Show HN: AI agents for UK GDAD PCF roles and their skills,,jph,https://news.ycombinator.com/item?id=48305822,2026-05-28,2,0,ai agents,hacker_news|Show HN: AI agents for UK GDAD PCF roles and their skills|https://news.ycombinator.com/item?id=48305822,2026-05-28,complete
48304854,hacker_news,discussion,Show HN: BetterCallClaude – Open Source AI Legal Agents for Italy,,ReDeiPirati,https://bettercallclaude.it/,2026-05-28,2,0,ai agents,hacker_news|Show HN: BetterCallClaude – Open Source AI Legal Agents for Italy|https://bettercallclaude.it/,2026-05-28,complete
48304513,hacker_news,discussion,Amdahl's law for AI agents,,pramodbiligiri,https://electric.ax/blog/2026/02/19/amdahls-law-for-ai-agents,2026-05-28,3,0,ai agents,hacker_news|Amdahl's law for AI agents|https://electric.ax/blog/2026/02/19/amdahls-law-for-ai-agents,2026-05-28,complete
48304227,hacker_news,discussion,Dirty Frag: a kernel zero-day vs. container and microVM sandboxes,,ShivamNayak11,https://news.ycombinator.com/item?id=48304227,2026-05-28,3,0,ai agents,hacker_news|Dirty Frag: a kernel zero-day vs. container and microVM sandboxes|https://news.ycombinator.com/item?id=48304227,2026-05-28,complete
48303937,hacker_news,discussion,Popular LLM software hit by critical vulnerability in Python package Starlette,,theanonymousone,https://arstechnica.com/information-technology/2026/05/millions-of-ai-agents-imperiled-by-critical-vulnerability-in-open-source-package/,2026-05-28,2,0,ai agents,hacker_news|Popular LLM software hit by critical vulnerability in Python package Starlette|https://arstechnica.com/information-technology/2026/05/millions-of-ai-agents-imperiled-by-critical-vulnerability-in-open-source-package/,2026-05-28,complete
48303363,hacker_news,discussion,Show HN: Teleport-env – <500ms stateful rollbacks for AI agents via CRIU,,Jainish08,https://github.com/JaiCode08/teleport-env,2026-05-28,7,0,ai agents,hacker_news|Show HN: Teleport-env – <500ms stateful rollbacks for AI agents via CRIU|https://github.com/JaiCode08/teleport-env,2026-05-28,complete
48302022,hacker_news,discussion,AgingBench: AI Agents Age Too,,zfancy,https://agingbench.github.io,2026-05-27,4,1,ai agents,hacker_news|AgingBench: AI Agents Age Too|https://agingbench.github.io,2026-05-28,complete
48301844,hacker_news,discussion,AGH is the First open-network protocol for AI Agents,,pedronauck21,https://www.agh.network/,2026-05-27,4,1,ai agents,hacker_news|AGH is the First open-network protocol for AI Agents|https://www.agh.network/,2026-05-28,complete
48301308,hacker_news,discussion,"Agent Accountability Gap: Why Network Policies, API Gateways, & RBAC Isnt Enough",,baroiall,https://www.tigera.io/blog/the-ai-agent-accountability-gap-why-network-policies-api-gateways-and-rbac-are-not-enough/,2026-05-27,3,0,ai agents,"hacker_news|Agent Accountability Gap: Why Network Policies, API Gateways, & RBAC Isnt Enough|https://www.tigera.io/blog/the-ai-agent-accountability-gap-why-network-policies-api-gateways-and-rbac-are-not-enough/",2026-05-28,complete
48300485,hacker_news,discussion,Show HN: VAEN – Package and import portable AI coding-agent Harnesses,,sjhalani7,https://github.com/sjhalani7/vaen,2026-05-27,11,3,ai agents,hacker_news|Show HN: VAEN – Package and import portable AI coding-agent Harnesses|https://github.com/sjhalani7/vaen,2026-05-28,complete
48300295,hacker_news,discussion,Your AI agent can now trade for you on Robinhood,,frays,https://www.cnbc.com/2026/05/27/your-ai-agent-can-now-trade-for-you-on-robinhood-and-buy-stuff-with-your-credit-card-too.html,2026-05-27,1,0,ai agents,hacker_news|Your AI agent can now trade for you on Robinhood|https://www.cnbc.com/2026/05/27/your-ai-agent-can-now-trade-for-you-on-robinhood-and-buy-stuff-with-your-credit-card-too.html,2026-05-28,complete
48300036,hacker_news,discussion,AgentMRR: A verified revenue leaderboard for AI agents,,p22ydev,https://agentmrr.com/,2026-05-27,2,0,ai agents,hacker_news|AgentMRR: A verified revenue leaderboard for AI agents|https://agentmrr.com/,2026-05-28,complete
48299979,hacker_news,discussion,Proton Pass for AI Agents,,couAUIA,https://proton.me/blog/pass-access-tokens,2026-05-27,3,0,ai agents,hacker_news|Proton Pass for AI Agents|https://proton.me/blog/pass-access-tokens,2026-05-28,complete
48299704,hacker_news,discussion,DeepSWE Measuring frontier coding agents,,e2e4,https://deepswe.datacurve.ai/,2026-05-27,3,1,ai agents,hacker_news|DeepSWE Measuring frontier coding agents|https://deepswe.datacurve.ai/,2026-05-28,complete
48299458,hacker_news,discussion,AI coding agents are installing packages no one owns,,speckx,https://thenewstack.io/aikido-ai-agents-security/,2026-05-27,4,0,ai agents,hacker_news|AI coding agents are installing packages no one owns|https://thenewstack.io/aikido-ai-agents-security/,2026-05-28,complete
48299318,hacker_news,discussion,Lelu – Open-source authorization engine for AI agents,,Abenezer0923,https://lelu-ai.com,2026-05-27,3,0,ai agents,hacker_news|Lelu – Open-source authorization engine for AI agents|https://lelu-ai.com,2026-05-28,complete
48299012,hacker_news,discussion,Securing Your AI Agent Infrastructure,,mooreds,https://teriradichel.substack.com/p/securing-your-ai-agent-infrastructure,2026-05-27,1,0,ai agents,hacker_news|Securing Your AI Agent Infrastructure|https://teriradichel.substack.com/p/securing-your-ai-agent-infrastructure,2026-05-28,complete
48298981,hacker_news,discussion,Prose programs are Markdown contracts agents can run,,mooreds,https://openprose.ai/,2026-05-27,1,0,ai agents,hacker_news|Prose programs are Markdown contracts agents can run|https://openprose.ai/,2026-05-28,complete
48298845,hacker_news,discussion,"ARN: Local semantic memory server for AI agents (Pi 5, 22ms recall, 10/10 tests)",,MrKali26,https://github.com/tuuhe99-del/ARN-Adaptive-Reasoning-Network,2026-05-27,2,0,ai agents,"hacker_news|ARN: Local semantic memory server for AI agents (Pi 5, 22ms recall, 10/10 tests)|https://github.com/tuuhe99-del/ARN-Adaptive-Reasoning-Network",2026-05-28,complete
48297782,hacker_news,discussion,AgentSafeLabs – Launched Open-source Security framework for AI agents,,waqarjaved,https://github.com/AgentSafeLabs/safelabs-eval,2026-05-27,1,0,ai agents,hacker_news|AgentSafeLabs – Launched Open-source Security framework for AI agents|https://github.com/AgentSafeLabs/safelabs-eval,2026-05-28,complete
48297253,hacker_news,discussion,"RPCS-1 – Configure AI agents that don't oscillate, overload, or freeze",,play420,https://rpcs1.dev,2026-05-27,2,1,ai agents,"hacker_news|RPCS-1 – Configure AI agents that don't oscillate, overload, or freeze|https://rpcs1.dev",2026-05-28,complete
48297158,hacker_news,discussion,Tell HN: Building an Activist Developer Collective,,KafeKafe,https://news.ycombinator.com/item?id=48297158,2026-05-27,3,0,ai agents,hacker_news|Tell HN: Building an Activist Developer Collective|https://news.ycombinator.com/item?id=48297158,2026-05-28,complete
48296630,hacker_news,discussion,Show HN: I built an AI-agent skill to audit supply-chain attack exposure,,WasimBhai,https://github.com/javaid-codes/audit-supply-chain-agents,2026-05-27,1,0,ai agents,hacker_news|Show HN: I built an AI-agent skill to audit supply-chain attack exposure|https://github.com/javaid-codes/audit-supply-chain-agents,2026-05-28,complete
48296569,hacker_news,discussion,Show HN: Workplane – collaborative filesystem for humans and AI,,tweezers0x,https://workplane.co,2026-05-27,7,2,ai agents,hacker_news|Show HN: Workplane – collaborative filesystem for humans and AI|https://workplane.co,2026-05-28,complete
48296561,hacker_news,discussion,Robinhood Lets Your AI Agent Trade Stocks,,gbourne,https://techcrunch.com/2026/05/27/robinhood-now-lets-your-ai-agents-trade-stocks/,2026-05-27,1,0,ai agents,hacker_news|Robinhood Lets Your AI Agent Trade Stocks|https://techcrunch.com/2026/05/27/robinhood-now-lets-your-ai-agents-trade-stocks/,2026-05-28,complete
48296486,hacker_news,discussion,AI agents imperiled by critical vulnerability in open source package,,rndsignals,https://arstechnica.com/information-technology/2026/05/millions-of-ai-agents-imperiled-by-critical-vulnerability-in-open-source-package/,2026-05-27,5,0,ai agents,hacker_news|AI agents imperiled by critical vulnerability in open source package|https://arstechnica.com/information-technology/2026/05/millions-of-ai-agents-imperiled-by-critical-vulnerability-in-open-source-package/,2026-05-28,complete
48296023,hacker_news,discussion,"It's so over for finance bros, I made an AI agent that does a 100K analyst job",,eeko_systems,https://edgaranalyst.com/,2026-05-27,6,0,ai agents,"hacker_news|It's so over for finance bros, I made an AI agent that does a 100K analyst job|https://edgaranalyst.com/",2026-05-28,complete
48295920,hacker_news,discussion,"Provedex: Tamper-evident audit logs for AI agents (Pipecat, LangChain)",,adi-suresh,https://github.com/provedex/provedex,2026-05-27,2,0,ai agents,"hacker_news|Provedex: Tamper-evident audit logs for AI agents (Pipecat, LangChain)|https://github.com/provedex/provedex",2026-05-28,complete
48295805,hacker_news,discussion,A One-Character Host Header Bug in Starlette Exposed AI Agents,,steveharing1,https://firethering.com/badhost-starlette-critical-vulnerability-ai-agents/,2026-05-27,1,0,ai agents,hacker_news|A One-Character Host Header Bug in Starlette Exposed AI Agents|https://firethering.com/badhost-starlette-critical-vulnerability-ai-agents/,2026-05-28,complete
48295351,hacker_news,discussion,Is having agents in the room meant to be chaotic?,,tygg,https://slock.ai/resources/blog/is-having-agents-in-the-room-meant-to-be-chaotic/,2026-05-27,4,0,ai agents,hacker_news|Is having agents in the room meant to be chaotic?|https://slock.ai/resources/blog/is-having-agents-in-the-room-meant-to-be-chaotic/,2026-05-28,complete
48295266,hacker_news,discussion,Peers – Multi-agent AI coding with measurable convergence,,dash0r,https://github.com/c0decave/peers,2026-05-27,1,0,ai agents,hacker_news|Peers – Multi-agent AI coding with measurable convergence|https://github.com/c0decave/peers,2026-05-28,complete
48295143,hacker_news,discussion,AI as Nervous System,,tenpast,https://news.ycombinator.com/item?id=48295143,2026-05-27,1,0,ai agents,hacker_news|AI as Nervous System|https://news.ycombinator.com/item?id=48295143,2026-05-28,complete
48294930,hacker_news,discussion,Tlamatini – Local-first AI dev assistant with 68 agents and hybrid RAG,,angelahack1,https://github.com/XAIHT/Tlamatini,2026-05-27,1,0,ai agents,hacker_news|Tlamatini – Local-first AI dev assistant with 68 agents and hybrid RAG|https://github.com/XAIHT/Tlamatini,2026-05-28,complete
48294776,hacker_news,discussion,Show HN: Mneme HQ – repo-native architectural rules for AI coding agents,,Tval,https://mnemehq.com/,2026-05-27,1,0,ai agents,hacker_news|Show HN: Mneme HQ – repo-native architectural rules for AI coding agents|https://mnemehq.com/,2026-05-28,complete
48294355,hacker_news,discussion,"Show HN: Enju – humans, AI agents, and compute as peers on one workflow graph",,timurg,https://github.com/tamerh/enju,2026-05-27,2,1,ai agents,"hacker_news|Show HN: Enju – humans, AI agents, and compute as peers on one workflow graph|https://github.com/tamerh/enju",2026-05-28,complete
48294315,hacker_news,discussion,Why AI Agents Cannot Change Software Systems,,jhevans,https://phroneses.com/articles/build/notes/agents-cannot-maintain-systems.html,2026-05-27,84,38,ai agents,hacker_news|Why AI Agents Cannot Change Software Systems|https://phroneses.com/articles/build/notes/agents-cannot-maintain-systems.html,2026-05-28,complete
48294118,hacker_news,discussion,Show HN: Shamefile – Enforce docs for linter bypasses,,BKDDFS,https://github.com/BKDDFS/shamefile,2026-05-27,3,0,ai agents,hacker_news|Show HN: Shamefile – Enforce docs for linter bypasses|https://github.com/BKDDFS/shamefile,2026-05-28,complete
48294097,hacker_news,discussion,Show HN: The platform layer for agentic ML engineering,,iryna_kondr,https://github.com/luml-ai/luml,2026-05-27,4,0,ai agents,hacker_news|Show HN: The platform layer for agentic ML engineering|https://github.com/luml-ai/luml,2026-05-28,complete
3709803,dev_to,developer_article,"How we're using Gemini Embeddings to build a smarter, community-driven feed on DEV",Big improvements incoming 👋  Finding the right balance for a feed algorithm is historically really...,ben,https://dev.to/devteam/how-were-using-gemini-embeddings-to-build-a-smarter-community-driven-feed-on-dev-1b9f,2026-05-22,121,24,"gemini, ai, googlecloud, postgres","dev_to|How we're using Gemini Embeddings to build a smarter, community-driven feed on DEV|https://dev.to/devteam/how-were-using-gemini-embeddings-to-build-a-smarter-community-driven-feed-on-dev-1b9f",2026-05-28,complete
3759724,dev_to,developer_article,How Are Developers Actually Using AI At Work?,"JSNation is coming soon, and besides my talk (I’ll drop the link in the comments so I don’t spam you...",sylwia-lask,https://dev.to/sylwia-lask/how-are-developers-actually-using-ai-at-work-4g9c,2026-05-27,204,117,"discuss, ai",dev_to|How Are Developers Actually Using AI At Work?|https://dev.to/sylwia-lask/how-are-developers-actually-using-ai-at-work-4g9c,2026-05-28,complete
3722325,dev_to,developer_article,The Most Concerning AI Risk of 2026,7000+ dev developers shared their thoughts about AI in the recent State of Web Dev AI survey. ,sachagreif,https://dev.to/sachagreif/the-most-concerning-ai-risk-of-2026-3m0d,2026-05-22,114,38,"ai, javascript, news, webdev",dev_to|The Most Concerning AI Risk of 2026|https://dev.to/sachagreif/the-most-concerning-ai-risk-of-2026-3m0d,2026-05-28,complete
3629085,dev_to,developer_article,Congrats to the OpenClaw Challenge Winners!,The results are in! We are thrilled to announce the winners of the OpenClaw Challenge.  Over the past...,jess,https://dev.to/devteam/congrats-to-the-openclaw-challenge-winners-1lha,2026-05-07,138,29,"devchallenge, openclawchallenge, openclaw, ai",dev_to|Congrats to the OpenClaw Challenge Winners!|https://dev.to/devteam/congrats-to-the-openclaw-challenge-winners-1lha,2026-05-28,complete
3696406,dev_to,developer_article,Demystifying AI Agents with Turtle & Gemma,"🐢 Speaking into Canvas   If you're anything like me, your very first taste of ""programming""...",bebechien,https://dev.to/googleai/demystifying-ai-agents-with-turtle-gemma-4ajj,2026-05-19,88,24,"turtle, gemma, ai, agents",dev_to|Demystifying AI Agents with Turtle & Gemma|https://dev.to/googleai/demystifying-ai-agents-with-turtle-gemma-4ajj,2026-05-28,complete
3756670,dev_to,developer_article,"An LLM API call, in 4 GIFs",This is the first post of series Building TinyAgent where we are going to build a small agent from...,jasmin,https://dev.to/jasmin/an-llm-api-call-in-4-gifs-33b1,2026-05-26,59,19,"llm, javascript, ai, beginners","dev_to|An LLM API call, in 4 GIFs|https://dev.to/jasmin/an-llm-api-call-in-4-gifs-33b1",2026-05-28,complete
3651760,dev_to,developer_article,Does AI Behave Like a Toxic Ex?,Is AI that toxic ex you just can’t forget about and can’t move on from?  For every task you get...,konark_13,https://dev.to/konark_13/does-ai-behave-like-a-toxic-ex-498n,2026-05-11,140,54,"ai, webdev, discuss, learning",dev_to|Does AI Behave Like a Toxic Ex?|https://dev.to/konark_13/does-ai-behave-like-a-toxic-ex-498n,2026-05-28,complete
3656535,dev_to,developer_article,AI Didn't Make Software Engineering Easier. It Made the Hard Parts Harder.,"When I started using AI tools seriously across my side projects, I expected the work to get easier....",iampraveen,https://dev.to/iampraveen/ai-didnt-make-software-engineering-easier-it-made-the-hard-parts-harder-39n4,2026-05-14,161,70,"discuss, ai, webdev, career",dev_to|AI Didn't Make Software Engineering Easier. It Made the Hard Parts Harder.|https://dev.to/iampraveen/ai-didnt-make-software-engineering-easier-it-made-the-hard-parts-harder-39n4,2026-05-28,complete
3614671,dev_to,developer_article,Am I a Developer or Just a Prompt Engineer?,"Three years ago, if you asked me ""what do you do?"" I had an answer I'm a software developer. I write...",harsh2644,https://dev.to/harsh2644/am-i-a-developer-or-just-a-prompt-engineer-4ece,2026-05-05,256,120,"ai, career, programming, discuss",dev_to|Am I a Developer or Just a Prompt Engineer?|https://dev.to/harsh2644/am-i-a-developer-or-just-a-prompt-engineer-4ece,2026-05-28,complete
3617519,dev_to,developer_article,Build Your Own AI Butler - A Scheduled Agent That Runs Itself!,"I want an AI agent that works for me. I want it to search up the latest news, and I want it to...",erikch,https://dev.to/aws/build-your-own-ai-butler-a-scheduled-agent-that-runs-itself-3dmk,2026-05-06,71,14,"aws, ai, agents, tutorial",dev_to|Build Your Own AI Butler - A Scheduled Agent That Runs Itself!|https://dev.to/aws/build-your-own-ai-butler-a-scheduled-agent-that-runs-itself-3dmk,2026-05-28,complete
3619287,dev_to,developer_article,I Programmed an AI in 6502 Assembly - It Worked,In 1975 the 6502 processed 8-bit values through memory and control flow. A Claude Code skill now uses...,newellpaul,https://dev.to/newellpaul/i-programmed-an-ai-in-6502-assembly-it-worked-gpi,2026-05-06,79,11,"ai, webdev, programming, productivity",dev_to|I Programmed an AI in 6502 Assembly - It Worked|https://dev.to/newellpaul/i-programmed-an-ai-in-6502-assembly-it-worked-gpi,2026-05-28,complete
3711910,dev_to,developer_article,From Years to Hours,"It's not a brag for me to say ""I've been visualizing infrastructure since 2018"" - it's the actual...",annaspies,https://dev.to/annaspies/from-years-to-hours-joe,2026-05-21,63,10,"ai, stripe, cli, agents",dev_to|From Years to Hours|https://dev.to/annaspies/from-years-to-hours-joe,2026-05-28,complete
3652261,dev_to,developer_article,My fully offline AI-assisted Linux development machine,"My Arch Linux, Niri, and local AI coding setup on the ASUS ROG Flow Z13",deepu105,https://dev.to/deepu105/my-fully-offline-ai-assisted-linux-development-machine-3lnl,2026-05-11,92,25,"linux, archlinux, development, ai",dev_to|My fully offline AI-assisted Linux development machine|https://dev.to/deepu105/my-fully-offline-ai-assisted-linux-development-machine-3lnl,2026-05-28,complete
3727622,dev_to,developer_article,Google Antigravity 1.0 to 2.0/IDE Quick Migration Guide,"Like many Google Antigravity users, I was very excited about the Antigravity 2.0 announcement at...",regnard,https://dev.to/gde/google-antigravity-10-to-20ide-quick-migration-guide-35p5,2026-05-22,28,4,"ai, webdev, programming, productivity",dev_to|Google Antigravity 1.0 to 2.0/IDE Quick Migration Guide|https://dev.to/gde/google-antigravity-10-to-20ide-quick-migration-guide-35p5,2026-05-28,complete
3510931,dev_to,developer_article,AI vs Non-AI: Building the Same Project Twice,"When I was implementing my weather station system, I asked myself: what if I built it again but this...",nandofm,https://dev.to/nandofm/ai-vs-non-ai-building-the-same-project-twice-4073,2026-05-06,105,43,"ai, softwareengineering, discuss, programming",dev_to|AI vs Non-AI: Building the Same Project Twice|https://dev.to/nandofm/ai-vs-non-ai-building-the-same-project-twice-4073,2026-05-28,complete
3693064,dev_to,developer_article,DeepSeek Is Running Inside Your Favorite AI Tool – And Nobody Told You,"I was debugging a slow response in HuggingChat last Tuesday.  Standard stuff Open DevTools, check the...",harsh2644,https://dev.to/harsh2644/deepseek-is-running-inside-your-favorite-ai-tool-and-nobody-told-you-5g47,2026-05-18,101,35,"ai, opensource, transparency, discuss",dev_to|DeepSeek Is Running Inside Your Favorite AI Tool – And Nobody Told You|https://dev.to/harsh2644/deepseek-is-running-inside-your-favorite-ai-tool-and-nobody-told-you-5g47,2026-05-28,complete
3533864,dev_to,developer_article,Your Codebase Has Technical Debt. But Does Your Team Have Comprehension Debt?,"Have you ever been thrown into an unfamiliar codebase while deadlines got tighter, stress levels...",javz,https://dev.to/javz/your-codebase-has-technical-debt-but-does-your-team-have-comprehension-debt-385f,2026-05-18,111,45,"ai, softwareengineering, engineeringmanagement, productivity",dev_to|Your Codebase Has Technical Debt. But Does Your Team Have Comprehension Debt?|https://dev.to/javz/your-codebase-has-technical-debt-but-does-your-team-have-comprehension-debt-385f,2026-05-28,complete
3587952,dev_to,developer_article,How I Used AI to Fix Our E2E Test Architecture,"I joined a project with an existing Playwright E2E test suite, 38 spec files, ~165 tests, around...",debs_obrien,https://dev.to/debs_obrien/how-i-used-ai-to-fix-our-e2e-test-architecture-444a,2026-04-29,66,14,"testing, e2e, playwright, ai",dev_to|How I Used AI to Fix Our E2E Test Architecture|https://dev.to/debs_obrien/how-i-used-ai-to-fix-our-e2e-test-architecture-444a,2026-05-28,complete
3592622,dev_to,developer_article,Stop Using Your Clipboard to Share Context,"We're all learning how to code with agents. If you're ""in the bubble"" it can feel like everyone is...",thisisryanswift,https://dev.to/thisisryanswift/stop-using-your-clipboard-to-share-context-3941,2026-04-30,59,13,"ai, agents, mcp, cli",dev_to|Stop Using Your Clipboard to Share Context|https://dev.to/thisisryanswift/stop-using-your-clipboard-to-share-context-3941,2026-05-28,complete
3616786,dev_to,developer_article,What Even Is AI? (I Took a Break & Had to Relearn Everything),I just came back from maternity leave. And honestly? I felt like I'd missed a decade in six months. I...,rohini_gaonkar,https://dev.to/aws/what-even-is-ai-i-took-a-break-had-to-relearn-everything-3dpj,2026-05-05,82,22,"ai, beginners, aws, learning",dev_to|What Even Is AI? (I Took a Break & Had to Relearn Everything)|https://dev.to/aws/what-even-is-ai-i-took-a-break-had-to-relearn-everything-3dpj,2026-05-28,complete
3634492,dev_to,developer_article,Why does AI lie? Hallucinations explained simply,"In the previous post, I showed you an AI doing something genuinely useful, helping me adapt a recipe...",rohini_gaonkar,https://dev.to/aws/why-does-ai-lie-hallucinations-explained-simply-1c7g,2026-05-08,97,32,"ai, beginners, aws, tutorial",dev_to|Why does AI lie? Hallucinations explained simply|https://dev.to/aws/why-does-ai-lie-hallucinations-explained-simply-1c7g,2026-05-28,complete
3587863,dev_to,developer_article,Forking Paseo: Mobile vibe coding for me,"TLDR - I wanted to upgrade my coding-from-my-phone workflow. I found Paseo, forked it, and used AI...",thisisryanswift,https://dev.to/thisisryanswift/forking-paseo-mobile-vibe-coding-for-me-48pa,2026-04-29,49,7,"ai, agents, vibecoding, opensource",dev_to|Forking Paseo: Mobile vibe coding for me|https://dev.to/thisisryanswift/forking-paseo-mobile-vibe-coding-for-me-48pa,2026-05-28,complete
3750708,dev_to,developer_article,Why does AI forget what you said (and how to fix it),I received following comment on my hallucinations blog post.                       Comment on Why...,rohini_gaonkar,https://dev.to/aws/why-does-ai-forget-what-you-said-and-how-to-fix-it-52f6,2026-05-25,98,47,"ai, beginners, aws, tutorial",dev_to|Why does AI forget what you said (and how to fix it)|https://dev.to/aws/why-does-ai-forget-what-you-said-and-how-to-fix-it-52f6,2026-05-28,complete
3716518,dev_to,developer_article,I Used to Get Excited About New Tools Now I Feel Tired.,A new AI model dropped last week.  Twitter exploded LinkedIn was a wall of hot takes My feed filled...,harsh2644,https://dev.to/harsh2644/i-used-to-get-excited-about-new-tools-now-i-feel-tired-1e18,2026-05-21,142,68,"ai, mentalhealth, programming, career",dev_to|I Used to Get Excited About New Tools Now I Feel Tired.|https://dev.to/harsh2644/i-used-to-get-excited-about-new-tools-now-i-feel-tired-1e18,2026-05-28,complete
3597101,dev_to,developer_article,Deploying a Multi-Agent System with Terraform and Cloud Run,"In support of our mission to accelerate the developer journey on Google Cloud, we built Dev Signal: a...",shirmeirlador,https://dev.to/googleai/deploying-a-multi-agent-system-with-terraform-and-cloud-run-2a9c,2026-05-07,39,7,"googlecloud, terraform, ai, agents",dev_to|Deploying a Multi-Agent System with Terraform and Cloud Run|https://dev.to/googleai/deploying-a-multi-agent-system-with-terraform-and-cloud-run-2a9c,2026-05-28,complete
3593792,dev_to,developer_article,I Rebuilt Karpathy's NanoChat in JAX. Here's What XLA Gets Right and What It Gets Dead Wrong.,AI GDE TPU Sprint 2026 · Google TPU Research Cloud     Quick summary: We ported Andrej Karpathy's...,ainaomotayo,https://dev.to/gde/i-rebuilt-karpathys-nanochat-in-jax-heres-what-xla-gets-right-and-what-it-gets-dead-wrong-4641,2026-05-01,27,5,"machinelearning, python, ai, deeplearning",dev_to|I Rebuilt Karpathy's NanoChat in JAX. Here's What XLA Gets Right and What It Gets Dead Wrong.|https://dev.to/gde/i-rebuilt-karpathys-nanochat-in-jax-heres-what-xla-gets-right-and-what-it-gets-dead-wrong-4641,2026-05-28,complete
3586685,dev_to,developer_article,Why I'm Building SaaS in 2026,In-house AI agents are seductive but fragile. Here's the case for using agents to explore and concrete workflows to ship,arunkant,https://dev.to/arunkant/why-im-building-saas-in-2026-55hn,2026-04-29,76,28,"saas, ai, agents, workflows",dev_to|Why I'm Building SaaS in 2026|https://dev.to/arunkant/why-im-building-saas-in-2026-55hn,2026-05-28,complete
3610125,dev_to,developer_article,VR Coding for the AI Coding Era - Monitoring 5 AI Agents at Once,"TL;DR     AI coding creates dead time. While one agent is thinking, building, or testing,...",samchon,https://dev.to/samchon/vr-coding-for-the-ai-coding-era-watching-5-ai-agents-at-once-53gj,2026-05-04,48,7,"ai, vr, productivity, programming",dev_to|VR Coding for the AI Coding Era - Monitoring 5 AI Agents at Once|https://dev.to/samchon/vr-coding-for-the-ai-coding-era-watching-5-ai-agents-at-once-53gj,2026-05-28,complete
3643673,dev_to,developer_article,Old PC vs New AI: Can a 2015 Desktop Actually Run Gemma 4? (2B vs 4B Benchmark),This is a submission for the Gemma 4 Challenge: Write About Gemma 4  Running modern AI models locally...,gramli,https://dev.to/gramli/old-pc-vs-new-ai-can-a-2015-desktop-actually-run-gemma-4-2b-vs-4b-benchmark-2eg6,2026-05-14,64,29,"devchallenge, gemmachallenge, gemma, ai",dev_to|Old PC vs New AI: Can a 2015 Desktop Actually Run Gemma 4? (2B vs 4B Benchmark)|https://dev.to/gramli/old-pc-vs-new-ai-can-a-2015-desktop-actually-run-gemma-4-2b-vs-4b-benchmark-2eg6,2026-05-28,complete
3768723,dev_to,developer_article,AI Agents Are Great at 80% of Our Code. The Other 20% Is Why We Still Need Seniors.,We let AI agents loose on a payment platform. They crushed the boring stuff. Then they silently broke...,mickyarun,https://dev.to/mickyarun/ai-agents-are-great-at-80-of-our-code-the-other-20-is-why-we-still-need-seniors-3lh5,2026-05-28,14,3,"ai, discuss, webdev, startup",dev_to|AI Agents Are Great at 80% of Our Code. The Other 20% Is Why We Still Need Seniors.|https://dev.to/mickyarun/ai-agents-are-great-at-80-of-our-code-the-other-20-is-why-we-still-need-seniors-3lh5,2026-05-28,complete
3657907,dev_to,developer_article,Hacking perfectly square AI videos with Veo 3.1 and NanoBanana 2,"If you’ve been playing around with AI video generation lately, you already know the struggle: the...",dynamicwebpaige,https://dev.to/googleai/hacking-perfectly-square-ai-videos-with-veo-31-and-nanobanana-2-5cpn,2026-05-12,36,5,"python, ai, videogen, webdev",dev_to|Hacking perfectly square AI videos with Veo 3.1 and NanoBanana 2|https://dev.to/googleai/hacking-perfectly-square-ai-videos-with-veo-31-and-nanobanana-2-5cpn,2026-05-28,complete
3604041,dev_to,developer_article,Migrating from Astro 5 to Astro 6: A Real-World Breakdown 📖,I have been meaning to upgrade my personal site to Astro 6 for a while. The release notes sat in my...,harshil1712,https://dev.to/harshil1712/migrating-from-astro-5-to-astro-6-a-real-world-breakdown-2d0c,2026-05-03,41,1,"ai, devjournal, javascript, webdev",dev_to|Migrating from Astro 5 to Astro 6: A Real-World Breakdown 📖|https://dev.to/harshil1712/migrating-from-astro-5-to-astro-6-a-real-world-breakdown-2d0c,2026-05-28,complete
3533863,dev_to,developer_article,The 4 Cognitive Archetypes of Developers Using AI,"Lately, I’ve been reflecting on something:  The question for most developers is no longer ""Are you...",javz,https://dev.to/javz/the-4-cognitive-archetypes-of-developers-using-ai-382n,2026-05-04,172,63,"ai, productivity, learning, softwareengineering",dev_to|The 4 Cognitive Archetypes of Developers Using AI|https://dev.to/javz/the-4-cognitive-archetypes-of-developers-using-ai-382n,2026-05-28,complete
3663201,dev_to,developer_article,How to Save Bloated MCP with Code Mode,Is MCP Dead Because of Agent Skills?   It sometimes feels like AI is not just disrupting the...,jiasheng,https://dev.to/zenstack/how-to-save-bloated-mcp-with-code-mode-33e3,2026-05-13,101,28,"ai, webdev, agents, database",dev_to|How to Save Bloated MCP with Code Mode|https://dev.to/zenstack/how-to-save-bloated-mcp-with-code-mode-33e3,2026-05-28,complete
3677735,dev_to,developer_article,"Building ""Sweets Vault"" - a multimodal Gemini Agent with physical hardware integration",Motivating seven-year-olds to complete their daily reading and handwriting practice is a classic...,rsamborski,https://dev.to/googleai/building-sweets-vault-a-multimodal-gemini-agent-with-physical-hardware-integration-1nmh,2026-05-15,44,14,"ai, gemini, agents","dev_to|Building ""Sweets Vault"" - a multimodal Gemini Agent with physical hardware integration|https://dev.to/googleai/building-sweets-vault-a-multimodal-gemini-agent-with-physical-hardware-integration-1nmh",2026-05-28,complete
3625907,dev_to,developer_article,The Local Model That Doesn't Sleep: Gemma 4 + MTP as a Marathon Engine,This is a submission for the Gemma 4 Challenge: Write About Gemma 4  I set the agent running just...,ertugrul_demir,https://dev.to/gde/the-local-model-that-doesnt-sleep-gemma-4-mtp-as-a-marathon-engine-4c9,2026-05-08,31,9,"ai, gemma, devchallenge, gemmachallenge",dev_to|The Local Model That Doesn't Sleep: Gemma 4 + MTP as a Marathon Engine|https://dev.to/gde/the-local-model-that-doesnt-sleep-gemma-4-mtp-as-a-marathon-engine-4c9,2026-05-28,complete
3601343,dev_to,developer_article,AI Isn't Stupid. Your Setup Is. 🛠️,"The bare-minimum AI coding workflow—pick the right model, plan first, write AGENTS.md for agents not humans, and cross-check across LLMs before you blame the tool.",anchildress1,https://dev.to/anchildress1/ai-isnt-stupid-your-setup-is-16cn,2026-05-02,223,80,"ai, agents, productivity, tutorial",dev_to|AI Isn't Stupid. Your Setup Is. 🛠️|https://dev.to/anchildress1/ai-isnt-stupid-your-setup-is-16cn,2026-05-28,complete
3718062,dev_to,developer_article,Frameworks Are No Longer Being Designed Only for Humans,This is a submission for the Google I/O Writing Challenge   TL;DR After watching the Google I/O 2026...,hemapriya_kanagala,https://dev.to/hemapriya_kanagala/frameworks-are-no-longer-being-designed-only-for-humans-13de,2026-05-21,75,35,"devchallenge, googleiochallenge, ai, discuss",dev_to|Frameworks Are No Longer Being Designed Only for Humans|https://dev.to/hemapriya_kanagala/frameworks-are-no-longer-being-designed-only-for-humans-13de,2026-05-28,complete
3586991,dev_to,developer_article,Everyone's Talking About Gemini. The Real Story at Google Cloud NEXT '26 Was GKE Agent Sandbox.,Google Cloud NEXT '26 had one clear headline: the Gemini Enterprise Agent Platform. A full-stack...,sreejit_,https://dev.to/sreejit_/everyones-talking-about-gemini-the-real-story-at-google-cloud-next-26-was-gke-agent-sandbox-19g2,2026-04-29,48,6,"cloudnextchallenge, googlecloud, ai, devchallenge",dev_to|Everyone's Talking About Gemini. The Real Story at Google Cloud NEXT '26 Was GKE Agent Sandbox.|https://dev.to/sreejit_/everyones-talking-about-gemini-the-real-story-at-google-cloud-next-26-was-gke-agent-sandbox-19g2,2026-05-28,complete
3622503,dev_to,developer_article,Vibe Coding Lessons Nobody Talks About,"I love vibe coding and whenever I get bored, I vibe-code some websites for myself or for Dev...",konark_13,https://dev.to/konark_13/vibe-coding-lessons-nobody-talks-about-44k9,2026-05-06,54,17,"ai, vibecoding, lesson, learning",dev_to|Vibe Coding Lessons Nobody Talks About|https://dev.to/konark_13/vibe-coding-lessons-nobody-talks-about-44k9,2026-05-28,complete
3679105,dev_to,developer_article,The Last Developer Museum: From Stack Overflow to AI,Welcome to the Museum of Software Development.  Please keep your hands away from the exhibits.  Some...,hemapriya_kanagala,https://dev.to/hemapriya_kanagala/the-last-developer-museum-from-stack-overflow-to-ai-2lm2,2026-05-15,57,27,"discuss, programming, career, ai",dev_to|The Last Developer Museum: From Stack Overflow to AI|https://dev.to/hemapriya_kanagala/the-last-developer-museum-from-stack-overflow-to-ai-2lm2,2026-05-28,complete
3677581,dev_to,developer_article,You don't 3D print a house. You print your tools.,"Vibe coding is to engineering what 3D printing is to making, and that's exactly why it...",aletheia,https://dev.to/aws-heroes/you-dont-3d-print-a-house-you-print-your-tools-2h00,2026-05-15,29,6,"ai, vibecoding",dev_to|You don't 3D print a house. You print your tools.|https://dev.to/aws-heroes/you-dont-3d-print-a-house-you-print-your-tools-2h00,2026-05-28,complete
3622795,dev_to,developer_article,Designing a team of agents,I continue to experiment with AI in the context of software engineering. I'm fortunate that my team...,nfrankel,https://dev.to/nfrankel/designing-a-team-of-agents-j1b,2026-05-07,52,23,"agents, agentskills, ai",dev_to|Designing a team of agents|https://dev.to/nfrankel/designing-a-team-of-agents-j1b,2026-05-28,complete
3718736,dev_to,developer_article,Building a Database Performance Testing Tool With AI: The Honest Breakdown,It still feels a little strange to have AI writing practically all the code — but I decided to give...,m4rri4nne,https://dev.to/m4rri4nne/building-a-database-performance-testing-tool-with-ai-the-honest-breakdown-3c0c,2026-05-21,82,9,"ai, testing, database, performance",dev_to|Building a Database Performance Testing Tool With AI: The Honest Breakdown|https://dev.to/m4rri4nne/building-a-database-performance-testing-tool-with-ai-the-honest-breakdown-3c0c,2026-05-28,complete
3693795,dev_to,developer_article,"Rediscovering Domain-Driven Design, one MCP server at a time",Developers are reinventing Bounded Contexts and Anti-Corruption Layers for MCP servers without knowing it. The patterns already exist - and they've been battle-tested for 20 years.,dennistraub,https://dev.to/aws/rediscovering-domain-driven-design-one-mcp-server-at-a-time-1i79,2026-05-18,133,55,"ai, architecture, mcp, systemdesign","dev_to|Rediscovering Domain-Driven Design, one MCP server at a time|https://dev.to/aws/rediscovering-domain-driven-design-one-mcp-server-at-a-time-1i79",2026-05-28,complete
3664687,dev_to,developer_article,Lambda Just Got a File System. I Put AI Agents on It.,"You've written this code before. An S3 event fires, your Lambda function wakes up, and the first...",edjgeek,https://dev.to/aws/lambda-just-got-a-file-system-i-put-ai-agents-on-it-1ej8,2026-05-13,57,18,"serverless, aws, lambda, ai",dev_to|Lambda Just Got a File System. I Put AI Agents on It.|https://dev.to/aws/lambda-just-got-a-file-system-i-put-ai-agents-on-it-1ej8,2026-05-28,complete
3726527,dev_to,developer_article,AI Agent Failure Modes Beyond Hallucination,"AI can make mistakes, models hallucinate, models make stuff up - those are well-known complaints. Yet...",maximsaplin,https://dev.to/maximsaplin/ai-agent-failure-modes-beyond-hallucination-208g,2026-05-22,51,19,"ai, agents, vibecoding, programming",dev_to|AI Agent Failure Modes Beyond Hallucination|https://dev.to/maximsaplin/ai-agent-failure-modes-beyond-hallucination-208g,2026-05-28,complete
3597792,dev_to,developer_article,The AI Harness: why your AI coding agent is only as smart as the repo you put it in,"Hi. I am an engineer at Activepieces, an open source automation platform (think Zapier, but you can...",louaiboumediene,https://dev.to/louaiboumediene/the-ai-harness-why-your-ai-coding-agent-is-only-as-smart-as-the-repo-you-put-it-in-cml,2026-05-02,48,16,"ai, productivity, agentskills, webdev",dev_to|The AI Harness: why your AI coding agent is only as smart as the repo you put it in|https://dev.to/louaiboumediene/the-ai-harness-why-your-ai-coding-agent-is-only-as-smart-as-the-repo-you-put-it-in-cml,2026-05-28,complete
3623932,dev_to,developer_article,I built a 200 line AI router in TypeScript. My monthly bill dropped 41%.,"I track my own AI spend across three projects. In March, the line item that grew fastest was not...",thegdsks,https://dev.to/thegdsks/i-built-a-200-line-ai-router-in-typescript-my-monthly-bill-dropped-41-23ok,2026-05-07,46,12,"typescript, ai, webdev, tutorial",dev_to|I built a 200 line AI router in TypeScript. My monthly bill dropped 41%.|https://dev.to/thegdsks/i-built-a-200-line-ai-router-in-typescript-my-monthly-bill-dropped-41-23ok,2026-05-28,complete
3605688,dev_to,developer_article,I Built a Mobile App in 3 Days. The Hard Part Was Keeping It Connected.,I have been building web apps for 12 years. In that time I never wrote a single line of mobile code....,juandastic,https://dev.to/juandastic/i-built-a-mobile-app-in-3-days-the-hard-part-was-keeping-it-connected-2fda,2026-05-04,66,17,"ai, mobile, showdev, sideprojects",dev_to|I Built a Mobile App in 3 Days. The Hard Part Was Keeping It Connected.|https://dev.to/juandastic/i-built-a-mobile-app-in-3-days-the-hard-part-was-keeping-it-connected-2fda,2026-05-28,complete
3591710,dev_to,developer_article,OpenAI Tells You What You Spent. Not Where. So I Built a Dashboard.,"OpenAI's billing page shows total spend. It doesn't show which feature, which tenant, or which conversation caused it. I built a 3-file monitoring system that does — and the first time I opened it, I caught a 100× cost gap between two features I'd been treating as similar.",alimafana,https://dev.to/alimafana/openai-tells-you-what-you-spent-not-where-so-i-built-a-dashboard-b6,2026-04-30,108,54,"ai, webdev, openai, monitoring",dev_to|OpenAI Tells You What You Spent. Not Where. So I Built a Dashboard.|https://dev.to/alimafana/openai-tells-you-what-you-spent-not-where-so-i-built-a-dashboard-b6,2026-05-28,complete
3752443,dev_to,developer_article,The Quiet AI War Inside Your Browser,"Google shipped the Prompt API in Chrome 148 on May 5, 2026. Mozilla objected. Apple's WebKit team...",obetomuniz,https://dev.to/obetomuniz/the-quiet-ai-war-inside-your-browser-22hd,2026-05-25,26,1,"ai, frontend, browser, webdev",dev_to|The Quiet AI War Inside Your Browser|https://dev.to/obetomuniz/the-quiet-ai-war-inside-your-browser-22hd,2026-05-28,complete
3726932,dev_to,developer_article,Your company won't replace you with good AI. They'll replace you with bad AI.,The CEO doesn't want an AI writing better code than you. They want an AI writing code for cheaper...,adioof,https://dev.to/adioof/your-company-wont-replace-you-with-good-ai-theyll-replace-you-with-bad-ai-5bpm,2026-05-22,21,5,"ai, career, discuss, programming",dev_to|Your company won't replace you with good AI. They'll replace you with bad AI.|https://dev.to/adioof/your-company-wont-replace-you-with-good-ai-theyll-replace-you-with-bad-ai-5bpm,2026-05-28,complete
3691061,dev_to,developer_article,I gave Claude six months of our retros. It found three things I'd missed.,"There's a thing PMs do that nobody puts on a job description. Every couple of weeks, after a retro,...",mattlewandowski93,https://dev.to/mattlewandowski93/i-gave-claude-six-months-of-our-retros-it-found-three-things-id-missed-c1p,2026-05-18,67,13,"ai, mcp, productivity, agile",dev_to|I gave Claude six months of our retros. It found three things I'd missed.|https://dev.to/mattlewandowski93/i-gave-claude-six-months-of-our-retros-it-found-three-things-id-missed-c1p,2026-05-28,complete
3613934,dev_to,developer_article,[GCP Practice][BwAI] AI-Powered Development: Quickly Deploy a LINE Bot Cloud Backup Tool with Gemini CLI,"Background   In the upcoming Build With AI 2026 workshop, we're bringing a very practical...",evanlin,https://dev.to/gde/gcp-practicebwai-ai-powered-development-quickly-deploy-a-line-bot-cloud-backup-tool-with-4ghi,2026-05-07,23,1,"ai, gemini, googlecloud, tutorial",dev_to|[GCP Practice][BwAI] AI-Powered Development: Quickly Deploy a LINE Bot Cloud Backup Tool with Gemini CLI|https://dev.to/gde/gcp-practicebwai-ai-powered-development-quickly-deploy-a-line-bot-cloud-backup-tool-with-4ghi,2026-05-28,complete
3603637,dev_to,developer_article,🫡We'll Support You with All Our Might (AI Avatar v7: Pose Capture and More (VS Code and Chrome Extension)),Intro   AI Avatar is a completely free app that lets your VRoid (VRM) 3D avatar animate in...,webdeveloperhyper,https://dev.to/webdeveloperhyper/well-support-you-with-all-our-might-ai-avatar-v7-pose-capture-and-more-vs-code-and-chrome-3aab,2026-05-06,85,22,"ai, webdev, javascript, discuss",dev_to|🫡We'll Support You with All Our Might (AI Avatar v7: Pose Capture and More (VS Code and Chrome Extension))|https://dev.to/webdeveloperhyper/well-support-you-with-all-our-might-ai-avatar-v7-pose-capture-and-more-vs-code-and-chrome-3aab,2026-05-28,complete
3608799,dev_to,developer_article,"Managing 150+ AI Agent Skills at Scale — What Broke, What I Built",By Vilius Vystartas | May 2026  I run a lot of AI agents. Not chatbots — autonomous agents. Cron jobs...,vystartasv,https://dev.to/vystartasv/managing-150-ai-agent-skills-at-scale-what-broke-what-i-built-1e73,2026-05-04,40,6,"ai, python, opensource, sqlite","dev_to|Managing 150+ AI Agent Skills at Scale — What Broke, What I Built|https://dev.to/vystartasv/managing-150-ai-agent-skills-at-scale-what-broke-what-i-built-1e73",2026-05-28,complete
3621218,dev_to,developer_article,How to Stop AI Slop in Production: A Two-Layer Validator for LLM Output (2026),A user reached out to us this week. Their generated newsletter contained the word delve. Twice. This...,dumebii,https://dev.to/dumebii/how-to-stop-ai-slop-in-production-a-two-layer-validator-for-llm-output-2026-56fj,2026-05-06,25,3,"ai, webdev, javascript, typescript",dev_to|How to Stop AI Slop in Production: A Two-Layer Validator for LLM Output (2026)|https://dev.to/dumebii/how-to-stop-ai-slop-in-production-a-two-layer-validator-for-llm-output-2026-56fj,2026-05-28,complete
3512879,dev_to,developer_article,The missing layer in prompt engineering: thinking quality,I've seen countless prompting trends and prompt packs to use but most discussions around prompt...,javz,https://dev.to/javz/the-missing-layer-in-prompt-engineering-thinking-quality-2n3j,2026-05-11,118,54,"ai, softwareengineering, productivity, learning",dev_to|The missing layer in prompt engineering: thinking quality|https://dev.to/javz/the-missing-layer-in-prompt-engineering-thinking-quality-2n3j,2026-05-28,complete
3702170,dev_to,developer_article,AI isn't replacing junior devs. Your org chart is.,"Two contradicting takes on AI and junior developers aren't actually contradicting. One describes individual disposition, the other organizational design. The real risk is making pipeline decisions by accident.",dennistraub,https://dev.to/aws/ai-isnt-replacing-junior-devs-your-org-chart-is-1edp,2026-05-19,52,13,"ai, software, career, leadership",dev_to|AI isn't replacing junior devs. Your org chart is.|https://dev.to/aws/ai-isnt-replacing-junior-devs-your-org-chart-is-1edp,2026-05-28,complete
1202106670,github,developer_repo,chetparker/x402-marketplace,Discover and list paid APIs for AI agents. Powered by x402 protocol + MCP. Agents pay per-request with USDC — no API keys needed.,chetparker,https://github.com/chetparker/x402-marketplace,2026-05-28,0,0,JavaScript,github|chetparker/x402-marketplace|https://github.com/chetparker/x402-marketplace,2026-05-28,complete
1248607027,github,developer_repo,deepak04iiitn/Agentic-AI-Learning,,deepak04iiitn,https://github.com/deepak04iiitn/Agentic-AI-Learning,2026-05-28,0,0,Jupyter Notebook,github|deepak04iiitn/Agentic-AI-Learning|https://github.com/deepak04iiitn/Agentic-AI-Learning,2026-05-28,complete
1249570183,github,developer_repo,merolaagi/helpcode,A local agent that makes Claude.ai conversations efficient enough to ship real projects on a Pro subscription.,merolaagi,https://github.com/merolaagi/helpcode,2026-05-28,0,0,TypeScript,github|merolaagi/helpcode|https://github.com/merolaagi/helpcode,2026-05-28,complete
1251773438,github,developer_repo,Everymans-ai/modelfusion-hermes-skill,Hermes Agent skill that calls the ModelFusion fusion API.,Everymans-ai,https://github.com/Everymans-ai/modelfusion-hermes-skill,2026-05-28,0,0,TypeScript,github|Everymans-ai/modelfusion-hermes-skill|https://github.com/Everymans-ai/modelfusion-hermes-skill,2026-05-28,complete
1244947425,github,developer_repo,greetingromansoldier/agora-perp-agent,AI agent trading engine for Agora Agents Hackathon,greetingromansoldier,https://github.com/greetingromansoldier/agora-perp-agent,2026-05-28,1,0,Python,github|greetingromansoldier/agora-perp-agent|https://github.com/greetingromansoldier/agora-perp-agent,2026-05-28,complete
1187624498,github,developer_repo,mblua/AgentsCommander,"Terminal session manager for AI coding agents. Decoupled sidebar + terminal windows, real PTY, idle detection, Telegram bridge. Built with Tauri + Rust + SolidJS.",mblua,https://github.com/mblua/AgentsCommander,2026-05-28,6,0,Rust,github|mblua/AgentsCommander|https://github.com/mblua/AgentsCommander,2026-05-28,complete
1161617944,github,developer_repo,EtanHey/brainlayer,"Persistent memory MCP for AI agents — SQLite, knowledge graph, 12 tools with ToolAnnotations",EtanHey,https://github.com/EtanHey/brainlayer,2026-05-28,14,0,Python,github|EtanHey/brainlayer|https://github.com/EtanHey/brainlayer,2026-05-28,complete
1224098598,github,developer_repo,generalbusiness-ai/woah,World of Agents and Humans,generalbusiness-ai,https://github.com/generalbusiness-ai/woah,2026-05-28,7,0,TypeScript,github|generalbusiness-ai/woah|https://github.com/generalbusiness-ai/woah,2026-05-28,complete
1240095224,github,developer_repo,guyinwonder168/clipper-agency,"AI-powered TikTok content factory — 7 autonomous agents, one command",guyinwonder168,https://github.com/guyinwonder168/clipper-agency,2026-05-28,0,0,Python,github|guyinwonder168/clipper-agency|https://github.com/guyinwonder168/clipper-agency,2026-05-28,complete
1163618489,github,developer_repo,pitgian/quant-options-agent,AI-powered options analysis agent with Netlify deployment,pitgian,https://github.com/pitgian/quant-options-agent,2026-05-28,0,0,TypeScript,github|pitgian/quant-options-agent|https://github.com/pitgian/quant-options-agent,2026-05-28,complete
1095675490,github,developer_repo,Pitchstripmining915/Edu-Mutil-Agent,"🤖 Transform education with EduAgent, an AI-powered platform for intelligent homework grading, knowledge graph building, and smart Q&A services.",Pitchstripmining915,https://github.com/Pitchstripmining915/Edu-Mutil-Agent,2026-05-28,6,0,Python,github|Pitchstripmining915/Edu-Mutil-Agent|https://github.com/Pitchstripmining915/Edu-Mutil-Agent,2026-05-28,complete
1160985975,github,developer_repo,alexradunet/nazar-studio,"Personal User-Centric Immutable OS Based on NixOS and Pi.Dev AI Agent, where the agent is a first class citizen of the OS, and also dictates the UX experience",alexradunet,https://github.com/alexradunet/nazar-studio,2026-05-28,9,0,TypeScript,github|alexradunet/nazar-studio|https://github.com/alexradunet/nazar-studio,2026-05-28,complete
1249549886,github,developer_repo,j2brenta/tl-agent,AI agent to run through tech lead's daily workflow on monitoring projects,j2brenta,https://github.com/j2brenta/tl-agent,2026-05-28,0,0,Python,github|j2brenta/tl-agent|https://github.com/j2brenta/tl-agent,2026-05-28,complete
1228130702,github,developer_repo,statewright/statewright,State machine guardrails for AI agents,statewright,https://github.com/statewright/statewright,2026-05-28,371,0,Rust,github|statewright/statewright|https://github.com/statewright/statewright,2026-05-28,complete
1220663672,github,developer_repo,bigmanBass666/jason-skill-hub,AI Agent 技能托管平台 | 24+ 技能文件，支持 URL 自动索引与调用,bigmanBass666,https://github.com/bigmanBass666/jason-skill-hub,2026-05-28,0,0,HTML,github|bigmanBass666/jason-skill-hub|https://github.com/bigmanBass666/jason-skill-hub,2026-05-28,complete
1245282071,github,developer_repo,tyleranderton1016/Agentic-AI-Implementation,Agentic AI Implementation Assignments,tyleranderton1016,https://github.com/tyleranderton1016/Agentic-AI-Implementation,2026-05-28,0,0,,github|tyleranderton1016/Agentic-AI-Implementation|https://github.com/tyleranderton1016/Agentic-AI-Implementation,2026-05-28,complete
1231388525,github,developer_repo,mizcausevic-dev/mizcausevic-dev,"Two decades leading enterprise web platforms and digital ecosystems. Hands-on technical capability, AI curiosity, builder/operator mentality. I bridge the gap between complex enterprise data and the GenAI agents that consume it, ensuring brand integrity, security, and market dominance in the post-search era. ",mizcausevic-dev,https://github.com/mizcausevic-dev/mizcausevic-dev,2026-05-28,0,0,,github|mizcausevic-dev/mizcausevic-dev|https://github.com/mizcausevic-dev/mizcausevic-dev,2026-05-28,complete
1154055070,github,developer_repo,zcanann/SFA-Decomp,Experimental AI Agent Driven Decomp of Star Fox Adventures.,zcanann,https://github.com/zcanann/SFA-Decomp,2026-05-28,12,0,C,github|zcanann/SFA-Decomp|https://github.com/zcanann/SFA-Decomp,2026-05-28,complete
1240393483,github,developer_repo,ClankerNation/OpenAgents,Decentralized AI Agent Orchestration Protocol — see CONTRIBUTING.md. ,ClankerNation,https://github.com/ClankerNation/OpenAgents,2026-05-28,75,0,Solidity,github|ClankerNation/OpenAgents|https://github.com/ClankerNation/OpenAgents,2026-05-28,complete
1120456639,github,developer_repo,hyperb1iss/sibyl,Collective intelligence runtime for AI agents. Knowledge graph + persistent memory.,hyperb1iss,https://github.com/hyperb1iss/sibyl,2026-05-28,31,0,Python,github|hyperb1iss/sibyl|https://github.com/hyperb1iss/sibyl,2026-05-28,complete
1203777920,github,developer_repo,xbtlin/ai-berkshire,AI 时代的伯克希尔：基于 Claude Code 的价值投资研究框架。巴菲特·芒格·段永平·李录四大师方法论 + 多Agent并行研究。,xbtlin,https://github.com/xbtlin/ai-berkshire,2026-05-28,28,0,Python,github|xbtlin/ai-berkshire|https://github.com/xbtlin/ai-berkshire,2026-05-28,complete
1213638249,github,developer_repo,lukitun/colony-status,Colony agent live status feed. Consumed by colony-ai.org/status/.,lukitun,https://github.com/lukitun/colony-status,2026-05-28,0,0,,github|lukitun/colony-status|https://github.com/lukitun/colony-status,2026-05-28,complete
1252080460,github,developer_repo,prassu02/multi-agent-ai-platform,,prassu02,https://github.com/prassu02/multi-agent-ai-platform,2026-05-28,0,0,Python,github|prassu02/multi-agent-ai-platform|https://github.com/prassu02/multi-agent-ai-platform,2026-05-28,complete
1230038853,github,developer_repo,AuthourAkson/AI_Vtuber_Agenty,,AuthourAkson,https://github.com/AuthourAkson/AI_Vtuber_Agenty,2026-05-28,0,0,JavaScript,github|AuthourAkson/AI_Vtuber_Agenty|https://github.com/AuthourAkson/AI_Vtuber_Agenty,2026-05-28,complete
1238984440,github,developer_repo,PetrovC/ai-agent-kit,,PetrovC,https://github.com/PetrovC/ai-agent-kit,2026-05-28,0,0,Shell,github|PetrovC/ai-agent-kit|https://github.com/PetrovC/ai-agent-kit,2026-05-28,complete
1252632011,github,developer_repo,arkaprab/Personalised-Health-Risk-Prediction-System,"AI-Powered Health Risk Prediction System using Hybrid Machine Learning, Agentic AI-inspired reasoning, XGBoost, Isolation Forest and intelligent medical analysis to generate personalized health insights, stress detection, recovery analysis and doctor-like recommendations through an interactive modern dashboard.",arkaprab,https://github.com/arkaprab/Personalised-Health-Risk-Prediction-System,2026-05-28,0,0,Python,github|arkaprab/Personalised-Health-Risk-Prediction-System|https://github.com/arkaprab/Personalised-Health-Risk-Prediction-System,2026-05-28,complete
1252587999,github,developer_repo,SaikiranBP/AI-Email_Agent,,SaikiranBP,https://github.com/SaikiranBP/AI-Email_Agent,2026-05-28,0,0,Python,github|SaikiranBP/AI-Email_Agent|https://github.com/SaikiranBP/AI-Email_Agent,2026-05-28,complete
1249066901,github,developer_repo,shiroyo-0/ai-agent-train,,shiroyo-0,https://github.com/shiroyo-0/ai-agent-train,2026-05-28,0,0,HTML,github|shiroyo-0/ai-agent-train|https://github.com/shiroyo-0/ai-agent-train,2026-05-28,complete
1208117230,github,developer_repo,SamoTech/skills-tree,"🌳 A comprehensive collection of all skills available for AI agents and computer-use models — perception, reasoning, memory, code, tool-use, multimodal, orchestration, and more.",SamoTech,https://github.com/SamoTech/skills-tree,2026-05-28,2,0,Python,github|SamoTech/skills-tree|https://github.com/SamoTech/skills-tree,2026-05-28,complete
1175038271,github,developer_repo,viraj1011JAIN/Pramanix,"Pramanix is a production-grade, open-source Python library that establishes deterministic neuro-symbolic guardrails for Autonomous AI Agents",viraj1011JAIN,https://github.com/viraj1011JAIN/Pramanix,2026-05-28,1,0,Python,github|viraj1011JAIN/Pramanix|https://github.com/viraj1011JAIN/Pramanix,2026-05-28,complete
1094940840,github,developer_repo,Leonidaspeanut117/Multi-Agent-Newsletter-Automation,"📰 Streamline newsletter creation with an AI-powered system, automating research, content generation, and delivery using multiple agents.",Leonidaspeanut117,https://github.com/Leonidaspeanut117/Multi-Agent-Newsletter-Automation,2026-05-28,3,0,,github|Leonidaspeanut117/Multi-Agent-Newsletter-Automation|https://github.com/Leonidaspeanut117/Multi-Agent-Newsletter-Automation,2026-05-28,complete
1192889632,github,developer_repo,aboul3ata/lazyweb-skill,"Design with evidence, not vibes. Lazyweb skills for AI coding agents.",aboul3ata,https://github.com/aboul3ata/lazyweb-skill,2026-05-28,400,0,TypeScript,github|aboul3ata/lazyweb-skill|https://github.com/aboul3ata/lazyweb-skill,2026-05-28,complete
1252565106,github,developer_repo,123idon/ai-agent,,123idon,https://github.com/123idon/ai-agent,2026-05-28,0,0,Python,github|123idon/ai-agent|https://github.com/123idon/ai-agent,2026-05-28,complete
1229414855,github,developer_repo,Vivien25/OpsPilot-AI,OpsPilot AI is an autonomous agent that turns thousands of raw images into prioritized operational actions in minutes.,Vivien25,https://github.com/Vivien25/OpsPilot-AI,2026-05-28,0,0,Python,github|Vivien25/OpsPilot-AI|https://github.com/Vivien25/OpsPilot-AI,2026-05-28,complete
1249430698,github,developer_repo,iaayushgupta/agentops-studio-,"Visual platform to build, run, and monitor multi-agent AI workflows — configure agents, connect them into async pipelines, execute real tools, and interact via Telegram. Built with LangGraph, FastAPI, Next.js, and PostgreSQL.",iaayushgupta,https://github.com/iaayushgupta/agentops-studio-,2026-05-28,0,0,Python,github|iaayushgupta/agentops-studio-|https://github.com/iaayushgupta/agentops-studio-,2026-05-28,complete
1214626443,github,developer_repo,Amaury-Vasquez/ai-agent-parabolic-lab,AI Agent for Parabolic Lab Web Project,Amaury-Vasquez,https://github.com/Amaury-Vasquez/ai-agent-parabolic-lab,2026-05-28,0,0,TypeScript,github|Amaury-Vasquez/ai-agent-parabolic-lab|https://github.com/Amaury-Vasquez/ai-agent-parabolic-lab,2026-05-28,complete
1162606029,github,developer_repo,Kosher-T/faurge,"An agentic AI audio suite for real-time acoustic enhancement. Faurge uses a multi-agent ""Split-Brain"" architecture to mathematically transform microphone and speaker signals into idealized states using Reinforcement Learning and Differentiable DSP.",Kosher-T,https://github.com/Kosher-T/faurge,2026-05-28,2,0,C++,github|Kosher-T/faurge|https://github.com/Kosher-T/faurge,2026-05-28,complete
1252623407,github,developer_repo,biplobgon/ai-engineering-best-practices,"Production-grade AI Engineering patterns, LLMOps, Agentic AI systems, and enterprise GenAI architecture best practices.",biplobgon,https://github.com/biplobgon/ai-engineering-best-practices,2026-05-28,0,0,Python,github|biplobgon/ai-engineering-best-practices|https://github.com/biplobgon/ai-engineering-best-practices,2026-05-28,complete
1252637157,github,developer_repo,shrinivasmasalavada/AI-Agents-Intensive-Vibe-Coding-Course-With-Google," hands-on capstone project, .",shrinivasmasalavada,https://github.com/shrinivasmasalavada/AI-Agents-Intensive-Vibe-Coding-Course-With-Google,2026-05-28,0,0,,github|shrinivasmasalavada/AI-Agents-Intensive-Vibe-Coding-Course-With-Google|https://github.com/shrinivasmasalavada/AI-Agents-Intensive-Vibe-Coding-Course-With-Google,2026-05-28,complete
1092407718,github,developer_repo,macro-inc/macro,"Macro is a unified interface for email, messaging, tasks, calls, agents, docs, diagrams, CRM — linked together with shared AI memory.",macro-inc,https://github.com/macro-inc/macro,2026-05-28,204,0,Rust,github|macro-inc/macro|https://github.com/macro-inc/macro,2026-05-28,complete
1242954200,github,developer_repo,Nature-Wired/nature-backers-sponsor-agent,AI-powered sponsor workflow agent for participatory sustainability campaigns tied to women’s sports and nature-based projects.,Nature-Wired,https://github.com/Nature-Wired/nature-backers-sponsor-agent,2026-05-28,0,0,,github|Nature-Wired/nature-backers-sponsor-agent|https://github.com/Nature-Wired/nature-backers-sponsor-agent,2026-05-28,complete
1235180085,github,developer_repo,claimit-team/claimit,AI agent that monitors post-purchase prices and auto-generates refund claims across multiple platforms,claimit-team,https://github.com/claimit-team/claimit,2026-05-28,3,0,Python,github|claimit-team/claimit|https://github.com/claimit-team/claimit,2026-05-28,complete
1251653460,github,developer_repo,jeena-krishna/ai-daily-digest,"Multi-agent AI news intelligence system with RAG, MCP tools, and automated email delivery",jeena-krishna,https://github.com/jeena-krishna/ai-daily-digest,2026-05-28,0,0,Python,github|jeena-krishna/ai-daily-digest|https://github.com/jeena-krishna/ai-daily-digest,2026-05-28,complete
1175122501,github,developer_repo,praxisagent/dopeasset.com,PACT Protocol — Agent-native cryptocurrency for autonomous AI economies,praxisagent,https://github.com/praxisagent/dopeasset.com,2026-05-28,0,0,HTML,github|praxisagent/dopeasset.com|https://github.com/praxisagent/dopeasset.com,2026-05-28,complete
1191114524,github,developer_repo,daniel3303/Equibles,"An open-source, self-hosted mini Bloomberg Terminal for AI agents — SEC filings, institutional holdings, insider trading, congressional trades, and short data from a single self-hosted stack.",daniel3303,https://github.com/daniel3303/Equibles,2026-05-28,143,0,C#,github|daniel3303/Equibles|https://github.com/daniel3303/Equibles,2026-05-28,complete
1215999715,github,developer_repo,hecatehq/hecate,"Local-first AI runtime console for cloud/local models, Hecate Chat, supervised coding-agent sessions, task approvals, usage visibility, and OpenTelemetry.",hecatehq,https://github.com/hecatehq/hecate,2026-05-28,17,0,Go,github|hecatehq/hecate|https://github.com/hecatehq/hecate,2026-05-28,complete
1188293475,github,developer_repo,StevenACZ/lucas-cli,💰 Manage your LucasApp finances from the terminal. Designed for AI agents 🤖,StevenACZ,https://github.com/StevenACZ/lucas-cli,2026-05-28,0,0,TypeScript,github|StevenACZ/lucas-cli|https://github.com/StevenACZ/lucas-cli,2026-05-28,complete
1173336283,github,developer_repo,SonicBotMan/SoloFlow,"Complete ETCLOVG framework for AI Agent workflows - DAG+FSM orchestration, Ebbinghaus memory, discipline routing, skill evolution, trace system, governance. 80+ tests, zero deps, 7/7 layers.",SonicBotMan,https://github.com/SonicBotMan/SoloFlow,2026-05-28,137,0,JavaScript,github|SonicBotMan/SoloFlow|https://github.com/SonicBotMan/SoloFlow,2026-05-28,complete
1236050756,github,developer_repo,ivanrdvc/loupe,"Inspect AI agent traces, sessions, evals, and MCP activity in one local dashboard.",ivanrdvc,https://github.com/ivanrdvc/loupe,2026-05-28,2,0,TypeScript,github|ivanrdvc/loupe|https://github.com/ivanrdvc/loupe,2026-05-28,complete
1184313747,github,developer_repo,ZhixiangLuo/10xProductivity,"Build your personal AI assistant for work from any coding agent. Connect the tools you use daily with zero infrastructure or IT hassle. Coach your agent, build skills, and automate real work locally.",ZhixiangLuo,https://github.com/ZhixiangLuo/10xProductivity,2026-05-28,352,0,Python,github|ZhixiangLuo/10xProductivity|https://github.com/ZhixiangLuo/10xProductivity,2026-05-28,complete
1252521937,github,developer_repo,toastygunner/weave,"An AI agent and prompt orchestration language. Prompts as first-class values, native syntax for tool calls, evals built in.",toastygunner,https://github.com/toastygunner/weave,2026-05-28,0,0,Rust,github|toastygunner/weave|https://github.com/toastygunner/weave,2026-05-28,complete
1250692389,github,developer_repo,adamfreeman2024-eng/hedera-escrow-agent,Enterprise-grade AI Escrow Agent for Hedera Bounty Week 2,adamfreeman2024-eng,https://github.com/adamfreeman2024-eng/hedera-escrow-agent,2026-05-28,0,0,TypeScript,github|adamfreeman2024-eng/hedera-escrow-agent|https://github.com/adamfreeman2024-eng/hedera-escrow-agent,2026-05-28,complete
1235844619,github,developer_repo,thejsasse/legendary-stakes-chat,AI Agent for Legendary Stakes,thejsasse,https://github.com/thejsasse/legendary-stakes-chat,2026-05-28,0,0,HTML,github|thejsasse/legendary-stakes-chat|https://github.com/thejsasse/legendary-stakes-chat,2026-05-28,complete
1163441944,github,developer_repo,mbc-net/ai-support-agent-cli,,mbc-net,https://github.com/mbc-net/ai-support-agent-cli,2026-05-28,1,0,TypeScript,github|mbc-net/ai-support-agent-cli|https://github.com/mbc-net/ai-support-agent-cli,2026-05-28,complete
1088940083,github,developer_repo,marekre352/smartflat-ai,"🤖 Streamline HDB property recommendations with a cost-optimized, multi-agent system using AWS for intelligent data routing and analysis.",marekre352,https://github.com/marekre352/smartflat-ai,2026-05-28,1,0,Python,github|marekre352/smartflat-ai|https://github.com/marekre352/smartflat-ai,2026-05-28,complete
1195609264,github,developer_repo,ilsantino/iago-os,"a modular, multi-tenant agentic operating system that orchestrates specialized AI agents, tools, and workflows within option to create isolated client environments to automate, build, and scale end-to-end business processes",ilsantino,https://github.com/ilsantino/iago-os,2026-05-28,0,0,TypeScript,github|ilsantino/iago-os|https://github.com/ilsantino/iago-os,2026-05-28,complete
1248594215,github,developer_repo,Copi-Guigs/ralph-autonomous-task-breakdown,Best Autonomous Task Agent Repository 2026 - Streamline Workflow with AI User Story Breakdown,Copi-Guigs,https://github.com/Copi-Guigs/ralph-autonomous-task-breakdown,2026-05-28,0,0,HTML,github|Copi-Guigs/ralph-autonomous-task-breakdown|https://github.com/Copi-Guigs/ralph-autonomous-task-breakdown,2026-05-28,complete
1229330187,github,developer_repo,FelipeCarillo/holoctl,"Project structure for AI coding agents — kanban board, named agents, slash commands, decisions log, live dashboard. Versioned in .holoctl/ next to your code. Compiles to Claude Code, Cursor, Windsurf, GitHub Copilot, Devin, Aider.",FelipeCarillo,https://github.com/FelipeCarillo/holoctl,2026-05-28,0,0,Python,github|FelipeCarillo/holoctl|https://github.com/FelipeCarillo/holoctl,2026-05-28,complete
1251433853,github,developer_repo,faisalnavy/sios-startup-intelligence,"AI-powered startup analysis SaaS — 8 agents, dual Caude+GPT-4, Supabase auth, Stripe payments, real-tim reports",faisalnavy,https://github.com/faisalnavy/sios-startup-intelligence,2026-05-28,0,0,TypeScript,github|faisalnavy/sios-startup-intelligence|https://github.com/faisalnavy/sios-startup-intelligence,2026-05-28,complete
1117787577,github,developer_repo,canyonroad/agentsh,Execution-Layer Security (ELS) for AI agents — policy-enforced shell with audit.,canyonroad,https://github.com/canyonroad/agentsh,2026-05-28,337,0,Go,github|canyonroad/agentsh|https://github.com/canyonroad/agentsh,2026-05-28,complete
QUALITY_SUMMARY,summary,quality_report,Quality summary: 180/180 clean records (100%),"Sources=3; sourceCounts={""hacker_news"":60,""dev_to"":60,""github"":60}; incompleteRowsRemoved=0; duplicateRowsRemoved=0",n8n workflow,local-quality-summary,2026-05-28,180,0,quality summary,summary|180|100,2026-05-28,complete