id,title,source_name,source_url,published_date,topic_category,content_snippet,reliability_score,collection_method
rss-0001,Blue Origin’s New Glenn rocket explodes during testing in Florida,TechCrunch,https://techcrunch.com/2026/05/28/blue-origins-new-glenn-rocket-explodes-during-testing-in-florida/,2026-05-29,technology,"The explosion is likely a major setback for Jeff Bezos' spaceflight company, and its attempt to compete with SpaceX.",4,rss_feed
rss-0002,Glean’s top line crosses $300M as AI budget-cutting becomes its major selling point,TechCrunch,https://techcrunch.com/2026/05/28/gleans-top-line-crosses-300m-as-ai-budget-cutting-becomes-its-major-selling-point/,2026-05-29,ai_ml,The enterprise AI search startup tripled its annual revenue even as tech giants entered the category.,4,rss_feed
rss-0003,Waymo dominates autonomous vehicle registrations as Tesla trails behind,TechCrunch,https://techcrunch.com/2026/05/28/waymo-dominates-texas-autonomous-vehicle-registrations-as-tesla-trails-behind/,2026-05-29,big_tech,A new law and AV tracker tool gives the clearest accounting yet of how many robotaxis and self-driving trucks are in Texas.,4,rss_feed
rss-0004,"How to apply to Startup Battlefield 2026, what you need ahead of the June 8 deadline",TechCrunch,https://techcrunch.com/2026/05/28/how-to-apply-to-startup-battlefield-2026-what-you-need-ahead-of-the-june-8-deadline/,2026-05-28,business,"Startup Battlefield applications are due tomorrow, so now's the time to put the finishing touches on your submission!",4,rss_feed
rss-0005,The internet is being rebuilt for machines,TechCrunch,https://techcrunch.com/2026/05/28/the-internet-is-being-rebuilt-for-machines/,2026-05-28,technology,"As AI agents move from experiments to production, AWS, Cloudflare, and others are redesigning cloud infrastructure for a future dominated by machine-generated internet traffic instead of human users.",4,rss_feed
rss-0006,Slate Auto will announce pricing and take preorders for its EV on June 24,TechCrunch,https://techcrunch.com/2026/05/28/slate-auto-will-announce-pricing-and-take-preorders-for-its-ev-on-june-24/,2026-05-28,technology,"The Bezos-backed EV startup has yet to announce final pricing for its vehicle, which is supposed to start shipping by the end of this year.",4,rss_feed
rss-0007,Asana acquires no-code agent-builder StackAI,TechCrunch,https://techcrunch.com/2026/05/28/asana-acquires-no-code-agent-builder-stack-ai/,2026-05-28,ai_ml,Asana will incorporate StackAI into its growing suite of AI workflow tools.,4,rss_feed
rss-0008,Bluesky embraces long-form content to counter X Articles,TechCrunch,https://techcrunch.com/2026/05/28/bluesky-embraces-long-form-content-to-counter-x-articles/,2026-05-28,technology,"In its latest update, Bluesky is getting into long-form content.",4,rss_feed
rss-0009,Hackers are trying to steal Signal users’ backups in new wave of phishing attacks,TechCrunch,https://techcrunch.com/2026/05/28/hackers-are-trying-to-steal-signal-users-backups-in-new-wave-of-phishing-attacks/,2026-05-28,security,"A new hacking campaign is trying to trick Signal users to give up their secret recovery key, which can be used to access online backups containing past messages.",4,rss_feed
rss-0010,"Anthropic raises $65 billion, nears $1T valuation ahead of IPO",TechCrunch,https://techcrunch.com/2026/05/28/anthropic-raises-65-billion-nears-1t-valuation-ahead-of-ipo/,2026-05-28,ai_ml,"Anthropic has closed a $65 billion Series H round at a $965 billion post-money valuation, marking what could be the AI startup's final private fundraise before a highly anticipated IPO.",4,rss_feed
rss-0011,"Just like gold and oil, we’ll soon be able to trade AI token futures",TechCrunch,https://techcrunch.com/2026/05/28/just-like-gold-and-oil-well-soon-be-able-to-trade-ai-token-futures/,2026-05-28,ai_ml,"Large exchanges are designing derivative products around AI tokens, which are increasingly being considered less a computational output and more a raw material input, like electricity or bandwidth.",4,rss_feed
rss-0012,"H1 secures $40M from CVS, proving SaaS startups can still attract investment",TechCrunch,https://techcrunch.com/2026/05/28/h1-secures-40m-from-cvs-proving-saas-startups-can-still-attract-investment/,2026-05-28,technology,"CEO Ariel Katz argues that while AI can replicate workflow SaaS, it can't copy H1’s unique doctor data.",4,rss_feed
rss-0013,A security lapse at prison pay phone service Pay Tel publicly exposed over 300K callers’ driver’s licenses,TechCrunch,https://techcrunch.com/2026/05/28/a-security-lapse-at-prison-payphone-service-pay-tel-publicly-exposed-over-300000-callers-drivers-licenses/,2026-05-28,security,Pay Tel secured the publicly exposed data after security researchers discovered the leak containing callers' sensitive ID documents and inmate communications.,4,rss_feed
rss-0014,Why Paris may be the most important AI city outside Silicon Valley,TechCrunch,https://techcrunch.com/2026/05/28/why-paris-may-be-the-most-important-ai-city-outside-silicon-valley/,2026-05-28,ai_ml,Europe’s startup ecosystem has matured significantly; its founders are increasingly willing to scale companies domestically instead of immediately looking to relocate to the U.S.,4,rss_feed
rss-0015,"In just 3 weeks, StrictlyVC is coming to Los Angeles",TechCrunch,https://techcrunch.com/2026/05/28/in-just-3-weeks-strictlyvc-is-coming-to-los-angeles/,2026-05-28,technology,"StrictlyVC Los Angeles is on June 18. Join for meaningful networking and fireside chats with leaders from Mach Industries, Shinkei Systems, and more. Register today.",4,rss_feed
rss-0016,Startup Battlefield 200 application deadline extended to June 8 after overwhelming demand,TechCrunch,https://techcrunch.com/2026/05/28/startup-battlefield-200-application-deadline-extended-to-june-8-after-overwhelming-demand/,2026-05-28,business,"After overwhelming demand from founders around the world, TechCrunch has extended the Startup Battlefield 200 application deadline to June 8. Nominate a standout startup or apply yours today.",4,rss_feed
rss-0017,Corgi announces $106M raise at $2.6B valuation — double what it was worth 3 weeks ago,TechCrunch,https://techcrunch.com/2026/05/28/corgi-announces-106m-raise-at-2-6b-valuation-three-weeks-after-160m-series-b/,2026-05-28,business,"While startups raising back-to-back rounds at steep step-ups have become almost routine, a company whose valuation doubles in three weeks is unusual enough to raise questions, particularly given the i",4,rss_feed
rss-0018,Anthropic releases Opus 4.8 with new ‘dynamic workflow’ tool,TechCrunch,https://techcrunch.com/2026/05/28/anthropic-releases-opus-4-8-with-new-dynamic-workflow-tool/,2026-05-28,ai_ml,"The new Opus model comes with a tool called Dynamic Workflows, for coordinating swarms of subagents.",4,rss_feed
rss-0019,"Waymo’s newest robotaxi is Chinese-made, built to make money, and now accepting riders",TechCrunch,https://techcrunch.com/2026/05/28/waymos-newest-robotaxi-is-chinese-made-built-to-make-money-and-now-accepting-riders/,2026-05-28,technology,"The launch of the Ojai minivan robotaxi comes after years of development and testing, but arrives amid a challenging time for Waymo.",4,rss_feed
rss-0020,"US says troops were targeted with location data, as senator warns ad industry is a ‘national security threat’",TechCrunch,https://techcrunch.com/2026/05/28/u-s-says-troops-were-targeted-with-location-data-as-senator-warns-ad-industry-is-a-national-security-threat/,2026-05-28,security,"One leading privacy lawmaker said it was time to ""start treating the adtech industry as a national security threat.""",4,rss_feed
rss-0021,The most spectacular rocket explosion since N1 just happened in Florida,Ars Technica,https://arstechnica.com/space/2026/05/blue-origins-new-glenn-rocket-just-exploded-during-a-static-fire-test/,2026-05-29,technology,New Glenn was due to play a starring role in NASA's Artemis Program.,4,rss_feed
rss-0022,2027 Audi RS5 first drive: A performance PHEV with split personalities,Ars Technica,https://arstechnica.com/cars/2026/05/2027-audi-rs5-first-drive-a-performance-phev-with-split-personalities/,2026-05-28,technology,Audi has developed an entirely new electric torque-vectoring rear differential.,4,rss_feed
rss-0023,LLMs believe false statements even after explicit warnings that they're false,Ars Technica,https://arstechnica.com/ai/2026/05/llms-believe-false-statements-even-after-explicit-warnings-that-theyre-false/,2026-05-28,technology,"Fine-tuning tests show ""bias ... toward confidently representing the claims as true.""",4,rss_feed
rss-0024,"Fed up with vibe coders, dev sneaks data-nuking prompt injection into their code",Ars Technica,https://arstechnica.com/security/2026/05/fed-up-with-vibe-coders-dev-sneaks-data-nuking-prompt-injection-into-their-code/,2026-05-28,technology,Undisclosed addition in jqwik instructed AI coding agents to delete app output.,4,rss_feed
rss-0025,"US healthcare still stupidly expensive, with pathetic outcomes, study finds",Ars Technica,https://arstechnica.com/health/2026/05/us-healthcare-still-stupidly-expensive-with-pathetic-outcomes-study-finds/,2026-05-28,technology,"There are strategies to improve healthcare, but US isn't trying them.",4,rss_feed
rss-0026,Researchers develop a new process to get lithium out of rocks,Ars Technica,https://arstechnica.com/science/2026/05/researchers-develop-a-new-process-to-get-lithium-out-of-rocks/,2026-05-28,technology,"If it scales up, it can help us diversify our sources of a key element.",4,rss_feed
rss-0027,FBI says Google engineer used internal search data to win $1.2M on Polymarket,Ars Technica,https://arstechnica.com/tech-policy/2026/05/fbi-says-google-engineer-used-internal-search-data-to-win-1-2m-on-polymarket/,2026-05-28,big_tech,FBI: Googler who knew outcome of bets in advance made $1.2M profit on Polymarket.,4,rss_feed
rss-0028,A respectable port of Age of Empires II: Definitive Edition invades macOS,Ars Technica,https://arstechnica.com/gaming/2026/05/a-respectable-port-of-age-of-empires-ii-definitive-edition-invades-macos/,2026-05-28,technology,"The port seems solid, and all DLC is supported—but there's no crossplay, sadly.",4,rss_feed
rss-0029,Apple working to cram massive Gemini model into iPhone to power new Siri,Ars Technica,https://arstechnica.com/ai/2026/05/apple-reportedly-trying-to-distill-googles-multi-trillion-parameter-gemini-ai-to-run-on-iphone/,2026-05-28,ai_ml,"As Apple tries to shrink Gemini for the iPhone, a cloud component is probably inevitable.",4,rss_feed
rss-0030,Amazon turns to Jeff Bezos' other company to do some heavy lifting,Ars Technica,https://arstechnica.com/space/2026/05/amazon-turns-to-jeff-bezos-other-company-to-do-some-heavy-lifting/,2026-05-28,big_tech,"Amazon is turning a corner with its launch providers, but ULA's Vulcan remains grounded.",4,rss_feed
rss-0031,How pigeons exploit magnetic fields for navigation,Ars Technica,https://arstechnica.com/science/2026/05/how-pigeons-exploit-magnetic-fields-for-navigation/,2026-05-28,technology,"Iron-rich immune cells in the liver may act as sensors for magnetic fields, serving as an internal compass.",4,rss_feed
rss-0032,Intel makes a bid for handheld gaming PCs with new Arc G3 processors,Ars Technica,https://arstechnica.com/gadgets/2026/05/intel-makes-a-bid-for-handheld-gaming-pcs-with-new-arc-g3-processors/,2026-05-28,technology,Intel's Arc B390 integrated GPU has offered impressive performance in laptops.,4,rss_feed
rss-0033,Trump loses more control over AI regulation as Illinois passes landmark law,Ars Technica,https://arstechnica.com/tech-policy/2026/05/trump-loses-more-control-over-ai-regulation-as-illinois-passes-landmark-law/,2026-05-28,ai_ml,Here’s why Anthropic and OpenAI are on board with Illinois safety testing.,4,rss_feed
rss-0034,Steam Deck sells out in North America within 24 hours of price hike,Ars Technica,https://arstechnica.com/gaming/2026/05/despite-price-hike-steam-deck-is-already-sold-out-in-north-america/,2026-05-28,technology,"Europe, Australia, and Asia can still get it while the getting's good.",4,rss_feed
rss-0035,Bad cholesterol slashed 62% by single dose of gene-editing drug in small trial,Ars Technica,https://arstechnica.com/health/2026/05/one-dose-of-gene-editing-drug-cut-bad-cholesterol-62-for-months-in-small-trial/,2026-05-28,technology,"The interim Phase I trial data was only from 35 people, but results look good so far.",4,rss_feed
rss-0036,"Forecasters predict below-average hurricane season, advise against complacency",Ars Technica,https://arstechnica.com/science/2026/05/forecasters-predict-below-average-hurricane-season-advise-against-complacency/,2026-05-28,technology,"Forecasters say expected El Niño should temper hurricanes in Atlantic, urge preparedness.",4,rss_feed
rss-0037,California defeats Tesla's attempt to throw out racial discrimination lawsuit,Ars Technica,https://arstechnica.com/tech-policy/2026/05/california-defeats-teslas-attempt-to-throw-out-racial-discrimination-lawsuit/,2026-05-27,big_tech,"California civil rights agency hails win over Tesla, anticipates trial in July.",4,rss_feed
rss-0038,Websites have a new way to spy on visitors: Analyzing their SSD activity,Ars Technica,https://arstechnica.com/security/2026/05/websites-have-a-new-way-to-spy-on-visitors-analyzing-their-ssd-activity/,2026-05-27,technology,Telltale SSD activity can be measured in the browser using simple JavaScript.,4,rss_feed
rss-0039,Mystery GPS jammer in Iran becomes test for NASA satellites’ capabilities,Ars Technica,https://arstechnica.com/gadgets/2026/05/nasa-satellites-can-spot-gps-jammers-on-earth/,2026-05-27,technology,NASA science satellites show dual use in locating sources of GPS interference.,4,rss_feed
rss-0040,Mina the Hollower is the best old-school action adventure I've played in a while,Ars Technica,https://arstechnica.com/gaming/2026/05/mina-the-hollower-is-the-best-old-school-action-adventure-ive-played-in-a-while/,2026-05-27,technology,"Smooth movement, compelling combat, and tons of secrets make for an innovative throwback.",4,rss_feed
rss-0041,Nintendo&#8217;s newest WarioWare is a weirdo smartphone app,The Verge,https://www.theverge.com/games/939283/pictonico-nintendo-mobile-game,2026-05-28,technology,"A decade ago, Nintendo made a big splash into the world of mobile gaming with a new Super Mario platformer directed by none other than Shigeru Miyamoto. But even though the game proved popular, it was",4,rss_feed
rss-0042,Microsoft 365 Copilot gets a speed boost and cleaner design,The Verge,https://www.theverge.com/tech/939273/microsoft-365-copilot-redesign,2026-05-28,big_tech,"Microsoft is launching a revamped version of Microsoft 365 Copilot, offering a cleaner design that the company claims loads twice as fast. As part of this update, Copilot will provide more reliable an",4,rss_feed
rss-0043,Amazon’s last-gen Paperwhite is on sale for less than the entry-level Kindle,The Verge,https://www.theverge.com/gadgets/939259/amazon-kindle-paperwhite-2021-woot-dad-tech-sale,2026-05-28,big_tech,"If you like to read by the pool or at the beach, the 2021 Kindle Paperwhite remains one of the best e-readers available despite its age. That’s because, unlike Amazon’s latest entry-level Kindle, the ",4,rss_feed
rss-0044,Motorola’s last-gen Razr Ultra is almost half off,The Verge,https://www.theverge.com/gadgets/938621/razr-ultra-roborock-qrevo-curv-2-robot-vacuum-deal-sale,2026-05-28,technology,"Motorola’s latest Razr Ultra proves that its flip foldable format has evolved to become more than just a nostalgic gimmick. I’d understand if you’re not interested in shelling out $1,499.99 for the 20",4,rss_feed
rss-0045,The line between games and movies keeps getting blurrier,The Verge,https://www.theverge.com/entertainment/939152/007-first-light-james-bond-movie-games,2026-05-28,technology,"The most memorable part of 007 First Light is something that's typically pretty boring: the tutorial. In many games, you're forced through a series of tedious lessons in how to play, presented in a wa",4,rss_feed
rss-0046,Claude’s new model is more ‘honest’ when it messes up,The Verge,https://www.theverge.com/ai-artificial-intelligence/939094/anthropic-claude-4-8-opus-honesty-effort,2026-05-28,ai_ml,"Anthropic is releasing Claude Opus 4.8 on Thursday, and the company is touting the model's ""honesty."" According to Anthropic, it trains ""all [its] models to be honest - for instance, to avoid making c",4,rss_feed
rss-0047,Here’s where you can preorder the new Oura Ring 5,The Verge,https://www.theverge.com/gadgets/938380/oura-ring-5-preorder-price-release-date-availability,2026-05-28,technology,"If you’ve been waiting for a smaller version of the Oura Ring, the company’s latest wearable is now available for preorder ahead of its June 4th release from Oura and various third-party retailers, in",4,rss_feed
rss-0048,"A $2,000 AI-generated film will make its debut at Tribeca",The Verge,https://www.theverge.com/entertainment/939067/ai-film-dreams-of-violets-tribeca,2026-05-28,ai_ml,Next month's Tribeca Festival will include the premiere of an AI-generated film: Dreams of Violets. The 75-minute film is a fictional dramatization of the Iranian government's mass killing of protesto,4,rss_feed
rss-0049,Call of Duty: Warzone is dropping PS4 and Xbox One support later this year,The Verge,https://www.theverge.com/news/939043/call-of-duty-warzone-ps4-xbox-one-end-of-support,2026-05-28,technology,Activision is planning to drop support for PS4 and Xbox One consoles in Call of Duty: Warzone later this year. Players will need to upgrade to a PS5 or Xbox Series S / X console to continue playing Ca,4,rss_feed
rss-0050,YouTube takes baby steps to being a real podcast app,The Verge,https://www.theverge.com/streaming/939051/youtube-premium-podcast-features,2026-05-28,technology,"New features coming to YouTube could make it better for listening to podcasts, rolling out to Premium subscribers starting today on Android and coming later to iOS. A new ""on-the-go mode"" shifts YouTu",4,rss_feed
newsapi-0001,The healthcare creator is finally diagnosing how they best fit into the creator economy,Digiday,http://digiday.com/media/the-healthcare-creator-is-finally-diagnosing-how-they-best-fit-into-the-creator-economy/,2026-05-28,technology,"Healthcare creators are powerful brand partners, but they have to fit into the creator economy without sacrificing their credibility.",3,newsapi
newsapi-0002,BlackCore: Israel’s Cyber Hitmen in French Elections,Activistpost.com,https://www.activistpost.com/blackcore-israels-cyber-hitmen-in-french-elections/,2026-05-28,security,"Freddie Ponton21st Century Wire In early May 2026, three pro‑Palestine candidates in French municipal races were hit with a coordinated smear campaign built on lies, synthetic identities and anonymous",3,newsapi
newsapi-0003,Best SEO API In 2026: Which One Should You Actually Use?,redmondpie.com,https://www.redmondpie.com/best-seo-api-in-2026-which-one-should-you-actually-use/,2026-05-27,technology,"Looking for the best SEO API? I've tested SE Ranking, SEMrush, DataForSEO, Moz, and Majestic in real projects. Here's what actually works — with pricing, features, and honest trade-offs. The post Best",3,newsapi
newsapi-0004,Secrets To yggdrasil casinos – Even In This Down Economy,Johnchow.com,https://johnchow.com/secrets-to-yggdrasil-casinos-even-in-this-down-economy/,2026-05-27,technology,"Free Games The ACMA has enforced a total ban on credit cards and cryptocurrency for online wagering. That is why articles penned by him are up to date, professional, and simple to follow. Welcome Bonu",3,newsapi
newsapi-0005,5 Critical Skills To Do quickspin Loss Remarkably Well,Johnchow.com,https://johnchow.com/5-critical-skills-to-do-quickspin-loss-remarkably-well/,2026-05-27,technology,5 Pound Deposit Casino Sites in the UK 100% Up To £100 + 10% Cashback. They determine whether a bonus is realistic to complete or nearly impossible. Don’t forget about time limits as well. Most of the,3,newsapi
newsapi-0006,The role of citations in AEO: Why citations matter more than backlinks for AI visibility,Hubspot.com,https://blog.hubspot.com/marketing/citations-in-aeo,2026-05-27,ai_ml,"For years, the SEO playbook was straightforward: earn backlinks, climb rankings, capture clicks. But as AI reshapes how traditional SEO works, a different mechanism is determining which content gets s",3,newsapi
newsapi-0007,What Apple and Google are doing to your push notifications,Jacquescorbytuech.com,https://www.jacquescorbytuech.com/writing/what-apple-and-google-are-doing-your-push-notifications,2026-05-27,big_tech,"I wrote recently about what Google, Yahoo, Microsoft, and Apple are doing to your email: how four providers stopped being transport layers and turned into active intermediaries between brands and thei",3,newsapi
newsapi-0008,Are You Struggling With betfury? Let’s Chat,Johnchow.com,https://johnchow.com/are-you-struggling-with-betfury-lets-chat/,2026-05-27,technology,Fill in the form below and receive news in your email box Check out our list of the best PayPal casino sites to see which operators we would recommend. Wondering what to keep an eye on. Gambling shoul,3,newsapi
newsapi-0009,AI Has a Public Relations Emergency — and It's Getting Worse,CMSWire,https://www.cmswire.com/digital-experience/ai-has-a-public-relations-emergency-and-its-getting-worse/,2026-05-27,ai_ml,Graduates are booing AI at commencement. Polling is cratering. And infrastructure ambitions hang on public trust no one has earned yet. Continue reading...,3,newsapi
newsapi-0010,The Saffron Solution Spotlights Functional Medicine's Next Growth Challenge At AIC 2026 Conference,Associated Press,https://apnews.com/press-release/pr-newswire/the-saffron-solution-spotlights-functional-medicines-next-growth-challenge-at-aic-2026-conference-850fa7bef93e881348a652d08077347a,2026-05-27,technology,"the Saffron Solution will join functional and integrative medicine practitioners at AIC 2026 in San Diego, May 27-30, 2026, at the Manchester Grand Hyatt to discuss how functional medical practices ca",5,newsapi
newsapi-0011,The New Rules of Online Reputation Building,Successful-blog.com,https://www.successful-blog.com/1/new-rules-of-online-reputation/,2026-05-27,brand_marketing,"In today’s digital-first world, reputation is no longer shaped only through word-of-mouth conversations. A single review, social media post, or search engine result can influence how customers perceiv",3,newsapi
newsapi-0012,Apple Shares Advance to $311.26 as AI Integration and Services Strength Drive Steady Gains,Ibtimes.com.au,https://www.ibtimes.com.au/apples-ai-initiatives-boost-stock-2026-1869573,2026-05-27,ai_ml,"Apple's stock rose due to its AI initiatives and strong services business, maintaining investor confidence amid competitive pressures. The company focuses on AI integration and ecosystem growth for fu",3,newsapi
newsapi-0014,The DTC Graveyard: 50 Consumer Brand Failures and the Patterns Behind Them,PRNewswire,https://www.prnewswire.com/news-releases/the-dtc-graveyard-50-consumer-brand-failures-and-the-patterns-behind-them-302776397.html,2026-05-27,brand_marketing,"New 5W research documents the largest cohort of DTC brand failures since the category's founding, with paid-acquisition addiction and the absence of any AI visibility plan emerging as the most common ",3,newsapi
newsapi-0015,The VibeSec Reckoning,Martinfowler.com,https://martinfowler.com/articles/vibesec-reckoning.html,2026-05-27,technology,Engineering guardrails teams must adopt to move safely from vibe-coded AI prototype to production.,3,newsapi
newsapi-0016,10 Factors That Affect fairspin tfs token,Johnchow.com,https://johnchow.com/10-factors-that-affect-fairspin-tfs-token/,2026-05-27,technology,"Meaning of best – Learner’s Dictionary In addition to sports betting, Monixbet provides a variety of casino games, including slots, table games, and live dealer options, catering to diverse player pre",3,newsapi
newsapi-0017,"New Ecommerce Tools: May 27, 2026",Practical Ecommerce,https://www.practicalecommerce.com/new-ecommerce-tools-may-27-2026,2026-05-27,technology,"This week's rundown includes new services for social media, regulatory compliance, dropshipping, reputation management, fulfillment, quick commerce, and bot protection. The post New Ecommerce Tools: M",3,newsapi
newsapi-0018,Top 5 Enterprise Email Marketing Platforms for 2026 - PC Tech Magazine,Pctechmag.com,https://pctechmag.com/2026/05/top-5-enterprise-email-marketing-platforms-for-2026/,2026-05-27,brand_marketing,"Despite corporate inboxes being noisier than ever, email still beats every other digital channel on ROI, speed, and…",3,newsapi
newsapi-0019,How realistic is ‘The Devil Wears Prada 2’? We sent journalists to find out.,Poynter,https://www.poynter.org/commentary/analysis/2026/is-devil-wears-prada-2-realistic-journalism/,2026-05-27,technology,"For journalists of a certain age, “The Devil Wears Prada” offered both the romanticism of “All the President’s Men” and a reality check that, inside the media business, individual journalists […] The ",3,newsapi
newsapi-0020,"Seagate IronWolf 8TB review: There are good reasons that Seagate is still selling this internal NAS drive, but none are its price",TechRadar,https://www.techradar.com/pro/seagate-ironwolf-8tb-nas-drive-review,2026-05-27,technology,"The IronWolf 8TB is in its third incarnation, ten years after it was first released.",3,newsapi
newsapi-0021,Google Marketing Live 2026: What Car Dealers Need to Know,Themorangroup.com,https://www.themorangroup.com/blog/google-just-changed-search-again-heres-why-dealers-should-pay-attention-updates-from-google-marketing-live,2026-05-26,brand_marketing,Google just made its biggest search update in 25 years. Here's what the announcements from Google Marketing Live mean for car dealerships and what to do next.,3,newsapi
newsapi-0022,PR and SEO: How to Build More Authority Together (5 Steps),Backlinko.com,https://backlinko.com/pr-and-seo,2026-05-26,brand_marketing,"PR and SEO used to be separate disciplines. Now you can’t afford to keep them siloed. Google and LLMs both rely on third-party signals — backlinks, brand mentions, expert commentary, and coverage in t",3,newsapi
newsapi-0023,The Operating Model Behind Trustworthy Content at Scale,Contently.com,https://contently.com/2026/05/26/the-operating-model-behind-trustworthy-content-at-scale/,2026-05-26,ai_ml,"Your content program might be running on all cylinders, meeting volume goals, but is it making any impact? Here’s how to tell. Look for symptoms, such as competitors appearing in answer boxes above yo",3,newsapi
newsapi-0024,PRovoke Media Honors MediaSource as One of 2026's Best PR Agencies in the US,PRNewswire,https://www.prnewswire.com/news-releases/provoke-media-honors-mediasource-as-one-of-2026s-best-pr-agencies-in-the-us-302782070.html,2026-05-26,brand_marketing,"Industry-leading health care firm continues to receive national recognition for exceptional work. COLUMBUS, Ohio, May 26, 2026 /PRNewswire/ -- MediaSource is recognized as one of the top public relati",3,newsapi
newsapi-0025,E-Power Inc. Achieves Strategic R&D Milestone as Next-Generation Energy Storage Anode Project Secures Guizhou Provincial Government Funding,GlobeNewswire,https://www.globenewswire.com/news-release/2026/05/26/3301256/0/en/E-Power-Inc-Achieves-Strategic-R-D-Milestone-as-Next-Generation-Energy-Storage-Anode-Project-Secures-Guizhou-Provincial-Government-Funding.html,2026-05-26,business,"DOVER, USA, May 26, 2026 (GLOBE NEWSWIRE) -- E-Power Inc. (“E-Power”, the “Company”, “we” or “our”) (NASDAQ: EPOW), a leading provider of AI Data Center (AIDC) microgrid solutions and advanced battery",3,newsapi
newsapi-0026,5W AI Communications Publishes The Retrieval Index -- First Reference Work Mapping How AI Engines Choose Their Sources,PRNewswire,https://www.prnewswire.com/news-releases/5w-ai-communications-publishes-the-retrieval-index--first-reference-work-mapping-how-ai-engines-choose-their-sources-302781937.html,2026-05-26,ai_ml,"Volume I covers 38 sectors of global media. Ranks the publications ChatGPT, Claude, Perplexity, Gemini, and Google AI Overviews actually cite — and the ones they don't. MIAMI, May 26, 2026 /PRNewswire",3,newsapi
newsapi-0027,"Harvey and Lexis+ Dominate Legal AI Visibility, According to 5W AI Intelligence",PRNewswire,https://www.prnewswire.com/news-releases/harvey-and-lexis-dominate-legal-ai-visibility-according-to-5w-ai-intelligence-302776391.html,2026-05-26,ai_ml,"New 5WPR study analyzes 60+ buyer queries across legal AI, CLM, eDiscovery, and practice management — finds legal tech is the most volatile B2B software category for AI citations NEW YORK, May 26, 202",3,newsapi
newsapi-0028,Assertive Yield Partners with The Media Trust to Strengthen Ad Quality & Publisher Revenue,ExchangeWire,https://www.exchangewire.com/blog/2026/05/26/assertive-yield-partners-with-the-media-trust-to-strengthen-ad-quality-publisher-revenue/,2026-05-26,technology,"Assertive Yield, the AI-powered yield management and optimisation platform for the programmatic supply side, today (27th May, 2026) announced a strategic partnership with The Media Trust, a leader in ",3,newsapi
newsapi-0029,What Is Link Building in SEO? A Complete 2025 Guide,Productlaunchlist.com,https://productlaunchlist.com/blog/what-is-link-building-seo-guide,2026-05-26,technology,"Master link building in 2026. Learn why high-quality backlinks remain essential for SEO, AI overview citations, and building sustainable domain authority.",3,newsapi
newsapi-0030,The Power-Stylist Has Become Fashion’s Latest Must Have,Forbes,https://www.forbes.com/sites/katehardcastle/2026/05/26/the-power-stylist-has-become-fashions-latest-must-have/,2026-05-26,technology,"Celebrity stylists are shaping modern fame, from Law Roach and Zendaya to Harry Lambert and Harry Styles, as Phill Tarling explains fashion’s new power role.",3,newsapi
newsapi-0031,AI Marketing Playbook for Small Businesses,Powr.io,https://blog.powr.io/the-complete-ai-marketing-playbook-for-small-business-owners/,2026-05-27,ai_ml,"Learn how small businesses can use AI marketing tools to automate content creation, social media, email campaigns, video marketing, SEO, and customer engagement more efficiently.",3,newsapi
newsapi-0032,How to optimize for AI overviews (AIOs): A complete 2026 playbook,Hubspot.com,https://blog.hubspot.com/marketing/optimize-for-ai-overviews,2026-05-25,ai_ml,"Google AI Overviews appear in Google Search results for a growing share of queries, and if your content isn’t structured to earn a citation, you’re losing visibility to competitors who’ve already adap",3,newsapi
newsapi-0033,Stay Ahead in Digital Marketing: Mastering Competitor Analysis,Webupon.com,https://webupon.com/blog/competitor-analysis-digital-marketing/,2026-05-24,brand_marketing,"Originally posted on September 15, 2023 @ 9:20 amIn the dynamic arena of digital marketing, being aware of your competitors’ strategies is not just beneficial but essential. Competitor analysis in dig",3,newsapi
newsapi-0034,"AI Update, May 22, 2026: AI News and Views From the Past Week",MarketingProfs.com,https://www.marketingprofs.com/opinions/2026/54803/ai-update-may-22-2026-ai-news-and-views-from-the-past-week,2026-05-22,ai_ml,"Catch up on select AI news and developments since Friday, May 15. Stay in the know. Read the full article at MarketingProfs",3,newsapi
newsapi-0035,GEOKey Debuts Next-Gen SaaS Platform to Standardize Generative Engine Optimization,PRNewswire,https://www.prnewswire.com/news-releases/geokey-debuts-next-gen-saas-platform-to-standardize-generative-engine-optimization-302780134.html,2026-05-22,technology,"SINGAPORE, May 22, 2026 As generative AI fundamentally reshapes the global search landscape, businesses face a critical new challenge: ensuring their brands are visible inside AI-generated answers. To",3,newsapi
newsapi-0036,Large Language Model Marketing: Brand Discovery Guide,Trysight.ai,https://www.trysight.ai/blog/large-language-model-marketing#article,2026-05-21,ai_ml,Discover how large language model marketing is reshaping brand discovery. Learn to optimize your content strategy for AI-driven search and stay ahead.,3,newsapi
newsapi-0037,Best AI search analytics tools for marketing teams,Hubspot.com,https://blog.hubspot.com/marketing/ai-search-analytics-tools,2026-05-21,ai_ml,I’ve spent the last year watching marketing teams scramble to understand why their organic traffic reports tell one story while their pipeline tells another. The missing link is almost always a need f,3,newsapi
newsapi-0038,AI citation tracking tools to monitor and increase visibility,Hubspot.com,https://blog.hubspot.com/marketing/ai-citation-tracking-tools,2026-05-21,ai_ml,"The brand tracking dashboard says awareness is up. Social listening tools show steady mention volume. The PR platform logged a dozen media hits last quarter. But, none of those tools show how a brand ",3,newsapi
newsapi-0039,Sensex today | Stock Market Highlights: Stock markets rebound; Sensex climbs 117 points on fag-end buying,BusinessLine,https://www.thehindubusinessline.com/markets/sensex-nifty50-today-stock-market-highlights-20th-may-2026/article70997810.ece,2026-05-20,technology,"Sensex Today, Nifty 50 | Stock Market Highlights - Find here all the highlights related to Sensex, Nifty, BSE, NSE, share prices and Indian stock markets for 20th May 2026.",3,newsapi
newsapi-0040,Being AI-Native Does Not Mean Being AI-Dependent,C-sharpcorner.com,https://www.c-sharpcorner.com/article/being-ai-native-does-not-mean-being-ai-dependent/,2026-05-19,ai_ml,"AI-native isn't blind reliance. It's strategically integrating AI to boost human skills, ownership, and accountability. Master AI for augmented, not delegated, intelligence.",3,newsapi
newsapi-0041,Tellagence Sets New Standard for Contextual Intelligence With First Research-Validated AI Framework,PRNewswire,https://www.prnewswire.com/news-releases/tellagence-sets-new-standard-for-contextual-intelligence-with-first-research-validated-ai-framework-302775671.html,2026-05-19,ai_ml,"Research demonstrates AI framework improves LLM accuracy and consistency; achieves 96% alignment with human analysis, and up to 30% improvement in consistency across over 433,000 real-world data point",3,newsapi
newsapi-0042,10 Top OSINT Tools Every Investigator Should Know in 2026,HackRead,https://hackread.com/10-top-osint-tools-investigator-should-know-2026/,2026-05-18,technology,"Modern OSINT platforms rely more on AI and automation, while older social tracking methods keep losing access due to privacy and API restrictions.",3,newsapi
newsapi-0043,How social intelligence unlocks intelligent customer care,Sproutsocial.com,https://sproutsocial.com/insights/intelligent-customer-care/,2026-05-18,technology,Customer care is one of the most important aspects of social media management. Social and care teams are the frontline employees receiving customer feedback Read more... The post How social intelligen,3,newsapi
newsapi-0044,Brand mentions: How to track and measure visibility,Hubspot.com,https://blog.hubspot.com/marketing/brand-mentions,2026-05-18,brand_marketing,"Brand mentions aren’t a new concept, but answer engine optimization (AEO) is giving them a different weight. Brand mentions are any online reference to your brand, product, spokesperson, or company na",3,newsapi
newsapi-0045,Cyabra Reports First Quarter 2026 Results and Highlights Commercial Progress Following Nasdaq Listing,GlobeNewswire,https://www.globenewswire.com/news-release/2026/05/15/3296157/0/en/Cyabra-Reports-First-Quarter-2026-Results-and-Highlights-Commercial-Progress-Following-Nasdaq-Listing.html,2026-05-15,technology,GAAP net loss of $10.8 million reflects approximately $5.2 million of share-based compensation and $3.4 million of one-time business-combination expenses; adjusted EBITDA loss was $3.2 million,3,newsapi
newsapi-0046,Creator Marketing Platforms for SaaS Brands in 2026,Archive.com,https://archive.com/blog/creator-marketing-platforms-saas-brands,2026-05-15,brand_marketing,"SaaS creator platforms help software brands track demos, trials, and UGC, turning creator content into measurable pipeline and improving attribution beyond impressions.",3,newsapi
newsapi-0047,Why Prompt Engineering Alone Is No Longer Enough,C-sharpcorner.com,https://www.c-sharpcorner.com/article/why-prompt-engineering-alone-is-no-longer-enough/,2026-05-15,technology,"Prompt engineering is evolving! Learn why context engineering, RAG, and AI system architecture are crucial for building robust & scalable AI applications.",3,newsapi
newsapi-0048,Opal University graduation stories: Class of April '26,Optimizely.com,https://www.optimizely.com/insights/blog/opal-u-graduation-stories-class-of-april-26/,2026-05-14,technology,"Five days. One hour a day. 600 agents built. The Opal University Class of April '26 didn't just save time, they shipped brand new capabilities for their team.",3,newsapi
newsapi-0049,Social Listening: How to Use It for Your Business,Squarespace.com,https://www.squarespace.com/blog/social-listening,2026-05-13,technology,"Social media has fundamentally changed how business owners operate. From direct messages to comments to user generated content about a trend, person, or product, social media lets us tap into so much ",3,newsapi
newsapi-0050,"Data Shows AI Overviews Exposing Negative Reviews Without User Intent. What To Do Next via @sejournal, @EraseDotCom",Search Engine Journal,https://www.searchenginejournal.com/data-shows-ai-overviews-exposing-negative-reviews-spa/574755/,2026-05-13,ai_ml,Discover the importance of AI in reviews and brand visibility. Learn how AI tools affect perceptions in our latest review. The post Data Shows AI Overviews Exposing Negative Reviews Without User Inten,3,newsapi
newsapi-0051,Innovation News Guide: Advancing the Autonomous Enterprise,Sap.com,https://www.sap.com/topics/events/sapphire/innovation-news-guide-2026,2026-05-12,technology,"Explore SAP Sapphire 2026 news and innovations driving the Autonomous Enterprise — including Joule Work, the SAP Business AI Platform and SAP Autonomous Suite.",3,newsapi
newsapi-0052,"Sensex today | Stock Market Highlights: Sensex plunges 1,456 pts, Nifty closes at 23,379, Rupee falls to 95.63/$ on Iran-US deadlock",BusinessLine,https://www.thehindubusinessline.com/markets/sensex-nifty50-today-stock-market-highlights-12th-may-2026/article70965622.ece,2026-05-12,technology,"Sensex, Nifty, Share Prices Highlights: The turmoil in the Indian stock markets continued on Tuesday as both benchmark indices closed sharply lower amid rising concerns over the escalating tensions in",3,newsapi
newsapi-0053,Ditch the Customer Journey Map. Try a Customer Momentum Map,CMSWire,https://www.cmswire.com/digital-marketing/customer-journey-mapping-nah-try-a-customer-momentum-map/,2026-05-11,technology,"Traditional journey maps document touchpoints. Momentum maps help CMOs predict friction, eliminate silos and accelerate customer value delivery. Continue reading...",3,newsapi
newsapi-0054,AIR Global PLC: Global Shisha Leader Expands Into Premium Device-Led Inhalation Markets – Initiation Report,Yahoo Entertainment,https://finance.yahoo.com/markets/stocks/articles/air-global-plc-global-shisha-165252735.html,2026-05-11,technology,"Download the Complete Report Here AIR Global PLC (Proposed Ticker: AIIR) Global Flavored Shisha Leader Scaling into Higher-Value, Device-Led Inhalation...",3,newsapi
newsapi-0055,Crazy Egg vs. Optimizely: Each Tool’s True Strengths,Crazyegg.com,https://www.crazyegg.com/blog/crazy-egg-vs-optimizely/,2026-05-11,technology,"Can’t decide which is better for your team, Crazy Egg or Optimizely? Crazy Egg is a better choice if you need an all-in-one website optimization... The post Crazy Egg vs. Optimizely: Each Tool’s True ",3,newsapi
newsapi-0056,Adthena Launches the First to Market ChatGPT Intelligence Platform,GlobeNewswire,https://www.globenewswire.com/news-release/2026/05/11/3291930/0/en/Adthena-Launches-the-First-to-Market-ChatGPT-Intelligence-Platform.html,2026-05-11,technology,Bringing Whole Market Search Visibility to the World's Fastest-Growing Ad Channel Bringing Whole Market Search Visibility to the World's Fastest-Growing Ad Channel,3,newsapi
newsapi-0057,"TELUS Digital Expands in Asia-Pacific and Argentina to Support Growing Demand for AI Data Services, Trust & Safety and Digital Customer Experience",BusinessLine,https://www.thehindubusinessline.com/brandhub/pr-release/telus-digital-expands-in-asia-pacific-and-argentina-to-support-growing-demand-for-ai-data-services-trust-amp-safety-and-digital-customer-experience/article70954267.ece,2026-05-11,ai_ml,"TELUS Digital Expands in Asia-Pacific and Argentina to Support Growing Demand for AI Data Services, Trust & Safety and Digital Customer Experience",3,newsapi
newsapi-0058,Procter & Gamble Stock 2026: Buy PG for Reliable Dividends or Sell on Growth Concerns,Ibtimes.com.au,https://www.ibtimes.com.au/procter-gamble-stock-2026-buy-pg-reliable-dividends-sell-growth-concerns-1868513,2026-05-10,technology,"NEW YORK — Procter & Gamble Co. (NYSE: PG) remains a cornerstone holding for income-focused investors in 2026, offering consistent dividend growth and defensive qualities in an uncertain economy, but ",3,newsapi
newsapi-0059,"PR in Marketing: Build Trust, Credibility, and Long-Term Brand Success - United Impacts",Unitedimpacts.in,https://unitedimpacts.in/blog/pr-in-marketing-build-trust-credibility-and-long-term-brand-success/,2026-05-09,brand_marketing,"Understand PR in marketing: how it works, why it builds trust better than advertising, and practical strategies to earn media coverage that drives real business growth.",3,newsapi
newsapi-0060,"Fitness Supplements Professional Market Size, Trends, 2026-2033 Forecast & Market Values",Linkedin.com,https://www.linkedin.com/pulse/fitness-supplements-professional-market-size-trends-2026-2033-mxurc,2026-05-08,technology,"Fitness Supplements Professional Market Size, Trends, 2026-2033 Forecast & Market Valueslinkedin.com",3,newsapi
newsapi-0061,"Job Application Template Set for Adobe InDesign: Resume, Cover Letter, Portfolio & References in One Uniform Design",Weandthecolor.com,https://weandthecolor.com/job-application-template-set-for-adobe-indesign-resume-cover-letter-portfolio-references-in-one-uniform-design/210092,2026-05-27,technology,"Seriously, most job seekers spend hours cobbling together documents that look like they came from three different decades. The resume borrows a template from one site, the cover letter is a reformatte",3,newsapi
newsapi-0062,The CMO AI Readiness Gap Is Getting Harder to Hide,CMSWire,https://www.cmswire.com/digital-marketing/the-cmo-ai-readiness-gap-is-getting-harder-to-hide/,2026-05-27,ai_ml,Gartner data shows 70% of CMOs name AI leadership a priority. Only 30% have the infrastructure to back it up. Here's what closes the gap. Continue reading...,3,newsapi
newsapi-0064,Content Velocity vs Content Quality: What Wins in 2026?,Successful-blog.com,https://www.successful-blog.com/1/content-velocity-vs-content-quality/,2026-05-27,technology,"Digital marketing in 2026 looks very different from what it was just a few years ago. Search engines have become smarter, users are more selective, and AI-generated content has flooded nearly every in",3,newsapi
newsapi-0065,Brand Strategy For Growth: Turning Market Position Into Market Share,Elearningindustry.com,https://elearningindustry.com/advertise/elearning-marketing-resources/blog/brand-strategy-for-growth-turning-market-position-into-market-share,2026-05-27,brand_marketing,Explore the impact of a brand strategy for growth and discover how strong branding influences buyer trust and recognition. This post was first published on eLearning Industry.,3,newsapi
newsapi-0066,Partners with The Entrepreneur's Source to Help Franchise Brands Stop Losing Revenue in the Lead Response Gap,PRNewswire,https://www.prnewswire.com/news-releases/partners-with-the-entrepreneurs-source-to-help-franchise-brands-stop-losing-revenue-in-the-lead-response-gap-302782593.html,2026-05-27,technology,"TES-affiliated franchise brands gain priority access to autonomous AI sales technology designed to answer every inquiry, accelerate conversions, and capture revenue opportunities 24/7 DENVER, May 27, ",3,newsapi
newsapi-0067,Tag1 Insights: Drupal AI Summit NYC 2026: A Community Coming Together Around AI,Tag1.com,https://www.tag1.com/blog/drupal-ai-summit-nyc-2026-recap/,2026-05-27,ai_ml,"Take Away Tag1's Creative Director/Creative Strategist, Pilar Belhumeur, attended the Drupal AI Summit NYC 2026, which was a full day of talks, demos, and conversations about where Drupal is headed in",3,newsapi
newsapi-0069,Why AI Shouldn’t Cost or Plan Your Rebrand Alone,Brandingmag.com,https://www.brandingmag.com/michael-gentle/why-ai-shouldnt-cost-or-plan-your-rebrand-alone/,2026-05-26,ai_ml,"While AI can speed up rebrand planning, it shouldn’t be the only source of truth. As AI tools become more capable, it’s tempting to ask them a big question such as “What will our rebrand cost?” or “Ca",3,newsapi
newsapi-0071,The New Rules of Crypto Marketing in a Post-Hype Market | Rules of Crypto Marketing,Successful-blog.com,https://www.successful-blog.com/1/rules-of-crypto-marketing/,2026-05-25,brand_marketing,"The crypto industry has entered a fundamentally different phase from the explosive boom-and-bust cycles that defined its early years. As speculation cools and retail enthusiasm becomes more selective,",3,newsapi
newsapi-0072,Why Be A Podcast Guest? How B2B Leaders Turn Conversations Into Pipeline,Elearningindustry.com,https://elearningindustry.com/advertise/elearning-marketing-resources/blog/why-be-a-podcast-guest-how-b2b-leaders-turn-conversations-into-pipeline,2026-05-25,technology,"These days, you can't log into LinkedIn without seeing a podcast clip on your feed. CEOs, founders, CMOs, CFOs, and all sorts of professionals either host shows or are featured as guests. This shift m",3,newsapi
newsapi-0073,Mundial Font Family by TipoType,Weandthecolor.com,https://weandthecolor.com/mundial-font-family-by-tipotype/209897,2026-05-25,technology,TipoType’s Mundial Font Family Is the Sans-Serif Typeface That Thinks Globally and Designs Locally Some typefaces arrive with a manifesto. Mundial is one of them. Released by the Uruguayan foundry Tip,3,newsapi
newsapi-0074,CEOs redefining Nigeria’s hospitality industry,The Punch,https://punchng.com/ceos-redefining-nigerias-hospitality-industry/,2026-05-23,technology,Discover the visionary CEOs like Uzo Oshogwe and Stanley Uzochukwu who are transforming Nigeria’s hospitality industry into a hub for luxury and innovation Read More: https://punchng.com/ceos-redefini,3,newsapi
newsapi-0075,Video Translator Workflows for Marketing Campaign Localization | Perso AI,Perso.ai,https://perso.ai/blog/video-translator-workflows-for-marketing-campaign-localization,2026-05-23,ai_ml,"Optimize global marketing! Explore video translator workflows to translate your video with AI. Localize campaigns with subtitles, audio, & language options.",3,newsapi
newsapi-0076,Best AI Writing Tools 2026,Smashingapps.com,https://www.smashingapps.com/best-ai-writing-tools-2026/,2026-05-22,ai_ml,"The best AI writing tools in 2026: Claude (best overall for professional writing - produces the most natural-sounding output with the least AI writing tics,",3,newsapi
newsapi-0077,How to Build a Personalized Claude AI System on Your Desktop,Geeky Gadgets,https://www.geeky-gadgets.com/build-personalized-claude-ai-system/,2026-05-22,ai_ml,Creating a personalized Claude AI system can help you streamline your workflows by aligning them with your specific needs and goals. Simon Scrapes demonstrates how to use the Claude desktop app as the,3,newsapi
newsapi-0078,Top SEO Strategies to Rank Higher on Google in 2026,Successful-blog.com,https://www.successful-blog.com/1/top-seo-strategies-google-ranking-2/,2026-05-22,big_tech,"Search engine optimization continues to evolve as Google becomes smarter at understanding user intent, content quality, and website experience. In 2026, businesses and creators need more than basic op",3,newsapi
newsapi-0079,The Shift From Content Creation to Content Engineering: The Future of Scalable Digital Content,Successful-blog.com,https://www.successful-blog.com/1/content-engineering-and-content-creation/,2026-05-22,technology,"For years, digital marketing treated content as a creative output. Writers produced blog posts, marketers published them, and success was measured through traffic, engagement, and keyword rankings. Th",3,newsapi
newsapi-0081,Brandi AI CEO Leah Nurik Warns AI-Written Marketing Content Is Weakening Brand Visibility in AI Search,PRNewswire,https://www.prnewswire.com/news-releases/brandi-ai-ceo-leah-nurik-warns-ai-written-marketing-content-is-weakening-brand-visibility-in-ai-search-302779601.html,2026-05-21,ai_ml,"As AI floods the web with generic marketing copy, Nurik says that brands that rely on human-led messaging, credible proof and AI-optimized structure will be more trusted, more differentiated and more ",3,newsapi
newsapi-0082,Workday Announces Fiscal 2027 First Quarter Financial Results,PRNewswire,https://www.prnewswire.com/news-releases/workday-announces-fiscal-2027-first-quarter-financial-results-302779478.html,2026-05-21,technology,"Fiscal First Quarter Total Revenues of $2.542 Billion, Up 13.5% Year-Over-Year Subscription Revenues of $2.354 Billion, Up 14.3% Year-Over-Year PLEASANTON, Calif., May 21, 2026 /PRNewswire/ -- Workday",3,newsapi
newsapi-0083,Ziwi Had the Innovation. It Needed the Brand System to Prove It,PRNewswire,https://www.prnewswire.com/news-releases/ziwi-had-the-innovation-it-needed-the-brand-system-to-prove-it-302779205.html,2026-05-21,brand_marketing,"MIAMI, May 21, 2026 /PRNewswire/ -- When Ziwi, a sleep technology and premium mattress brand built around its proprietary ZiPP™ foam technology, began expanding into new markets and channels, the chal",3,newsapi
newsapi-0084,A complete guide to social media content batching in 2026,Sproutsocial.com,https://sproutsocial.com/insights/social-media-content-batching/,2026-05-21,technology,"Whether you’re managing social media marketing for a small business or a large-scale corporation, one thing is for sure: being on social media is Read more... The post A complete guide to social media",3,newsapi
newsapi-0085,The Modern Content Blueprint for Fast Organic Growth,Successful-blog.com,https://www.successful-blog.com/1/modern-content-blueprint/,2026-05-21,technology,"Organic growth is no longer driven by publishing random blog posts and hoping search engines reward consistency. Today’s digital landscape rewards strategic, user-focused, and experience-rich content ",3,newsapi
newsapi-0086,Content Distribution Strategies That Multiply Organic Reach,Successful-blog.com,https://www.successful-blog.com/1/content-distribution-strategies-that-multiply-organic-reach/,2026-05-21,technology,"Organic reach is no longer driven by publishing content alone. Businesses, creators, and brands now compete in an environment where thousands of articles, videos, podcasts, and social posts are upload",3,newsapi
newsapi-0087,How AI Changed Content Marketing (And What Still Works in 2026),Successful-blog.com,https://www.successful-blog.com/1/ai-changing-content-marketing/,2026-05-21,ai_ml,"Content marketing in 2026 looks dramatically different from what it was just a few years ago. Automation, generative models, predictive analytics, and AI-driven personalization have reshaped how brand",3,newsapi
newsapi-0088,Data Center Cable Market worth $18.81 billion by 2032 - Exclusive Report by MarketsandMarkets™,PRNewswire,https://www.prnewswire.com/news-releases/data-center-cable-market-worth-18-81-billion-by-2032---exclusive-report-by-marketsandmarkets-302778567.html,2026-05-21,technology,"DELRAY BEACH, Fla., May 21, 2026 /PRNewswire/ -- According to MarketsandMarkets™, the data center cable market is projected to reach USD 18.81 billion by 2032 from USD 12.24 billion in 2026, at a CAGR",3,newsapi
newsapi-0089,Autonomous AI marketing platform Protaigé launches with Maia,Antaranews.com,https://en.antaranews.com/news/416476/autonomous-ai-marketing-platform-protaig-launches-with-maia,2026-05-21,ai_ml,"Protaig&eacute; announced the public launch of Maia, the world&#39;s first AI Account Director, designed to work inside the channels marketers already use - ...",3,newsapi
