record_id,source,type,rule_id,wcag_criterion,conformance_level,title,description,help_url,tags,url,published_date,collected_at,quality
axe_area-alt,axe-core,rule,area-alt,1.1.1,A,Active area elements must have alternate text,Ensures area elements of image maps have alternate text,https://dequeuniversity.com/rules/axe/4.9/area-alt,wcag2a wcag111 cat.text-alternatives,https://dequeuniversity.com/rules/axe/4.9/area-alt,,2026-05-22,complete
axe_aria-allowed-attr,axe-core,rule,aria-allowed-attr,4.1.2,AA,Elements must only use allowed ARIA attributes,Ensures ARIA attributes are allowed for an element's role,https://dequeuniversity.com/rules/axe/4.9/aria-allowed-attr,wcag2a wcag412 cat.aria,https://dequeuniversity.com/rules/axe/4.9/aria-allowed-attr,,2026-05-22,complete
axe_aria-command-name,axe-core,rule,aria-command-name,4.1.2,A,All ARIA command role elements must have an accessible name,Ensures every ARIA button link and menuitem role element has an accessible name,https://dequeuniversity.com/rules/axe/4.9/aria-command-name,wcag2a wcag412 cat.aria,https://dequeuniversity.com/rules/axe/4.9/aria-command-name,,2026-05-22,complete
axe_aria-hidden-body,axe-core,rule,aria-hidden-body,4.1.2,A,aria-hidden attribute must not be present on the document body,Ensures aria-hidden attribute is not present on the document body element,https://dequeuniversity.com/rules/axe/4.9/aria-hidden-body,wcag2a wcag412 cat.aria,https://dequeuniversity.com/rules/axe/4.9/aria-hidden-body,,2026-05-22,complete
axe_aria-hidden-focus,axe-core,rule,aria-hidden-focus,4.1.2,AA,ARIA hidden element must not contain focusable elements,Ensures that aria-hidden elements do not contain focusable elements,https://dequeuniversity.com/rules/axe/4.9/aria-hidden-focus,wcag2a wcag412 cat.aria,https://dequeuniversity.com/rules/axe/4.9/aria-hidden-focus,,2026-05-22,complete
axe_aria-input-field-name,axe-core,rule,aria-input-field-name,4.1.2,A,ARIA input fields must have an accessible name,Ensures every ARIA input role element has an accessible name,https://dequeuniversity.com/rules/axe/4.9/aria-input-field-name,wcag2a wcag412 cat.aria,https://dequeuniversity.com/rules/axe/4.9/aria-input-field-name,,2026-05-22,complete
axe_aria-meter-name,axe-core,rule,aria-meter-name,1.1.1,A,ARIA meter nodes must have an accessible name,Ensures every ARIA meter node has an accessible name,https://dequeuniversity.com/rules/axe/4.9/aria-meter-name,wcag2a wcag111 cat.aria,https://dequeuniversity.com/rules/axe/4.9/aria-meter-name,,2026-05-22,complete
axe_aria-progressbar-name,axe-core,rule,aria-progressbar-name,1.1.1,A,ARIA progressbar nodes must have an accessible name,Ensures every ARIA progressbar node has an accessible name,https://dequeuniversity.com/rules/axe/4.9/aria-progressbar-name,wcag2a wcag111 cat.aria,https://dequeuniversity.com/rules/axe/4.9/aria-progressbar-name,,2026-05-22,complete
axe_aria-required-attr,axe-core,rule,aria-required-attr,4.1.2,A,Required ARIA attributes must be provided,Ensures elements with ARIA roles have all required ARIA attributes,https://dequeuniversity.com/rules/axe/4.9/aria-required-attr,wcag2a wcag412 cat.aria,https://dequeuniversity.com/rules/axe/4.9/aria-required-attr,,2026-05-22,complete
axe_aria-required-children,axe-core,rule,aria-required-children,1.3.1,A,Certain ARIA roles must contain particular children,Ensures elements with an ARIA role that require child roles contain them,https://dequeuniversity.com/rules/axe/4.9/aria-required-children,wcag2a wcag131 cat.aria,https://dequeuniversity.com/rules/axe/4.9/aria-required-children,,2026-05-22,complete
axe_aria-required-parent,axe-core,rule,aria-required-parent,1.3.1,A,Certain ARIA roles must be contained by particular parents,Ensures elements with an ARIA role that require parent roles are contained by them,https://dequeuniversity.com/rules/axe/4.9/aria-required-parent,wcag2a wcag131 cat.aria,https://dequeuniversity.com/rules/axe/4.9/aria-required-parent,,2026-05-22,complete
axe_aria-roles,axe-core,rule,aria-roles,4.1.2,A,All ARIA roles must be valid,Ensures all elements with a role attribute use a valid value,https://dequeuniversity.com/rules/axe/4.9/aria-roles,wcag2a wcag412 cat.aria,https://dequeuniversity.com/rules/axe/4.9/aria-roles,,2026-05-22,complete
axe_aria-toggle-field-name,axe-core,rule,aria-toggle-field-name,4.1.2,A,ARIA toggle field elements must have an accessible name,Ensures every ARIA toggle field element has an accessible name,https://dequeuniversity.com/rules/axe/4.9/aria-toggle-field-name,wcag2a wcag412 cat.aria,https://dequeuniversity.com/rules/axe/4.9/aria-toggle-field-name,,2026-05-22,complete
axe_aria-tooltip-name,axe-core,rule,aria-tooltip-name,4.1.2,A,ARIA tooltip nodes must have an accessible name,Ensures every ARIA tooltip node has an accessible name,https://dequeuniversity.com/rules/axe/4.9/aria-tooltip-name,wcag2a wcag412 cat.aria,https://dequeuniversity.com/rules/axe/4.9/aria-tooltip-name,,2026-05-22,complete
axe_aria-treeitem-name,axe-core,rule,aria-treeitem-name,4.1.2,A,ARIA treeitem nodes must have an accessible name,Ensures every ARIA treeitem node has an accessible name,https://dequeuniversity.com/rules/axe/4.9/aria-treeitem-name,wcag2a wcag412 cat.aria,https://dequeuniversity.com/rules/axe/4.9/aria-treeitem-name,,2026-05-22,complete
axe_aria-valid-attr,axe-core,rule,aria-valid-attr,4.1.2,A,ARIA attributes must conform to valid names,Ensures attributes that begin with aria- are valid ARIA attributes,https://dequeuniversity.com/rules/axe/4.9/aria-valid-attr,wcag2a wcag412 cat.aria,https://dequeuniversity.com/rules/axe/4.9/aria-valid-attr,,2026-05-22,complete
axe_aria-valid-attr-value,axe-core,rule,aria-valid-attr-value,4.1.2,A,ARIA attributes must conform to valid values,Ensures all ARIA attributes have valid values,https://dequeuniversity.com/rules/axe/4.9/aria-valid-attr-value,wcag2a wcag412 cat.aria,https://dequeuniversity.com/rules/axe/4.9/aria-valid-attr-value,,2026-05-22,complete
axe_button-name,axe-core,rule,button-name,4.1.2,A,Buttons must have discernible text,Ensures buttons have discernible text,https://dequeuniversity.com/rules/axe/4.9/button-name,wcag2a wcag412 cat.name-role-value,https://dequeuniversity.com/rules/axe/4.9/button-name,,2026-05-22,complete
axe_bypass,axe-core,rule,bypass,2.4.1,A,Page must contain a skip navigation link,Ensures each page and document has at least one mechanism for a user to bypass navigation,https://dequeuniversity.com/rules/axe/4.9/bypass,wcag2a wcag241 cat.keyboard,https://dequeuniversity.com/rules/axe/4.9/bypass,,2026-05-22,complete
axe_color-contrast,axe-core,rule,color-contrast,1.4.3,AA,Elements must have sufficient color contrast,Ensures the contrast between foreground and background colors meets WCAG 2 AA minimum contrast ratio thresholds,https://dequeuniversity.com/rules/axe/4.9/color-contrast,wcag2aa wcag143 cat.color,https://dequeuniversity.com/rules/axe/4.9/color-contrast,,2026-05-22,complete
axe_color-contrast-enhanced,axe-core,rule,color-contrast-enhanced,1.4.6,AAA,Elements must have sufficient color contrast (Level AAA),Ensures the contrast between foreground and background colors meets WCAG 2 AAA enhanced contrast ratio thresholds,https://dequeuniversity.com/rules/axe/4.9/color-contrast-enhanced,wcag2aaa wcag146 cat.color,https://dequeuniversity.com/rules/axe/4.9/color-contrast-enhanced,,2026-05-22,complete
axe_definition-list,axe-core,rule,definition-list,1.3.1,A,dl elements must only directly contain properly-ordered dt and dd groups,Ensures dl elements are structured correctly,https://dequeuniversity.com/rules/axe/4.9/definition-list,wcag2a wcag131 cat.structure,https://dequeuniversity.com/rules/axe/4.9/definition-list,,2026-05-22,complete
axe_dlitem,axe-core,rule,dlitem,1.3.1,A,dt and dd elements must be contained by a dl,Ensures dt and dd elements are contained by a dl,https://dequeuniversity.com/rules/axe/4.9/dlitem,wcag2a wcag131 cat.structure,https://dequeuniversity.com/rules/axe/4.9/dlitem,,2026-05-22,complete
axe_document-title,axe-core,rule,document-title,2.4.2,A,Documents must have a non-empty title element,Ensures each HTML document contains a non-empty title element,https://dequeuniversity.com/rules/axe/4.9/document-title,wcag2a wcag242 cat.text-alternatives,https://dequeuniversity.com/rules/axe/4.9/document-title,,2026-05-22,complete
axe_duplicate-id,axe-core,rule,duplicate-id,4.1.1,A,id attribute value must be unique,Ensures every id attribute value is unique,https://dequeuniversity.com/rules/axe/4.9/duplicate-id,wcag2a wcag411 cat.parsing,https://dequeuniversity.com/rules/axe/4.9/duplicate-id,,2026-05-22,complete
axe_duplicate-id-active,axe-core,rule,duplicate-id-active,4.1.1,A,IDs of active interactive elements must be unique,Ensures every id attribute value of active elements is unique,https://dequeuniversity.com/rules/axe/4.9/duplicate-id-active,wcag2a wcag411 cat.parsing,https://dequeuniversity.com/rules/axe/4.9/duplicate-id-active,,2026-05-22,complete
axe_duplicate-id-aria,axe-core,rule,duplicate-id-aria,4.1.1,A,IDs used in ARIA and labels must be unique,Ensures every id attribute value used in ARIA and in labels is unique,https://dequeuniversity.com/rules/axe/4.9/duplicate-id-aria,wcag2a wcag411 cat.parsing,https://dequeuniversity.com/rules/axe/4.9/duplicate-id-aria,,2026-05-22,complete
axe_form-field-multiple-labels,axe-core,rule,form-field-multiple-labels,1.3.1,A,Form fields must not have multiple labels,Ensures form field does not have multiple label elements,https://dequeuniversity.com/rules/axe/4.9/form-field-multiple-labels,wcag2a wcag131 cat.forms,https://dequeuniversity.com/rules/axe/4.9/form-field-multiple-labels,,2026-05-22,complete
axe_frame-focusable-content,axe-core,rule,frame-focusable-content,2.1.1,A,Frames with focusable content must not have tabindex=-1,Ensures frame or iframe elements with focusable content do not have tabindex=-1,https://dequeuniversity.com/rules/axe/4.9/frame-focusable-content,wcag2a wcag211 cat.keyboard,https://dequeuniversity.com/rules/axe/4.9/frame-focusable-content,,2026-05-22,complete
axe_frame-title,axe-core,rule,frame-title,2.4.1,A,Frames must have an accessible name,Ensures frame and iframe elements have an accessible name,https://dequeuniversity.com/rules/axe/4.9/frame-title,wcag2a wcag241 cat.text-alternatives,https://dequeuniversity.com/rules/axe/4.9/frame-title,,2026-05-22,complete
axe_html-has-lang,axe-core,rule,html-has-lang,3.1.1,A,html element must have a lang attribute,Ensures every HTML document has a lang attribute,https://dequeuniversity.com/rules/axe/4.9/html-has-lang,wcag2a wcag311 cat.language,https://dequeuniversity.com/rules/axe/4.9/html-has-lang,,2026-05-22,complete
axe_html-lang-valid,axe-core,rule,html-lang-valid,3.1.1,A,html element must have a valid value for the lang attribute,Ensures the lang attribute of the html element has a valid value,https://dequeuniversity.com/rules/axe/4.9/html-lang-valid,wcag2a wcag311 cat.language,https://dequeuniversity.com/rules/axe/4.9/html-lang-valid,,2026-05-22,complete
axe_html-xml-lang-mismatch,axe-core,rule,html-xml-lang-mismatch,3.1.1,A,HTML elements with both lang and xml:lang attributes must have the same base language,Ensures that HTML elements with both valid lang and xml:lang attributes agree on the base language of the page,https://dequeuniversity.com/rules/axe/4.9/html-xml-lang-mismatch,wcag2a wcag311 cat.language,https://dequeuniversity.com/rules/axe/4.9/html-xml-lang-mismatch,,2026-05-22,complete
axe_image-alt,axe-core,rule,image-alt,1.1.1,A,Images must have alternate text,Ensures img elements have alternate text or a role of none or presentation,https://dequeuniversity.com/rules/axe/4.9/image-alt,wcag2a wcag111 cat.text-alternatives,https://dequeuniversity.com/rules/axe/4.9/image-alt,,2026-05-22,complete
axe_image-redundant-alt,axe-core,rule,image-redundant-alt,1.1.1,A,Image alternative text must not be redundant to adjacent text,Ensure image alternative is not repeated as text,https://dequeuniversity.com/rules/axe/4.9/image-redundant-alt,wcag2a wcag111 cat.text-alternatives,https://dequeuniversity.com/rules/axe/4.9/image-redundant-alt,,2026-05-22,complete
axe_input-button-name,axe-core,rule,input-button-name,4.1.2,A,Input buttons must have discernible text,Ensures input buttons have discernible text,https://dequeuniversity.com/rules/axe/4.9/input-button-name,wcag2a wcag412 cat.name-role-value,https://dequeuniversity.com/rules/axe/4.9/input-button-name,,2026-05-22,complete
axe_input-image-alt,axe-core,rule,input-image-alt,1.1.1,A,Image buttons must have alternate text,Ensures input elements with type=image have alternate text,https://dequeuniversity.com/rules/axe/4.9/input-image-alt,wcag2a wcag111 cat.text-alternatives,https://dequeuniversity.com/rules/axe/4.9/input-image-alt,,2026-05-22,complete
axe_keyboard,axe-core,rule,keyboard,2.1.1,A,All interactive elements must be navigable via keyboard,Ensures all functionality is accessible using only the keyboard,https://dequeuniversity.com/rules/axe/4.9/keyboard,wcag2a wcag211 cat.keyboard,https://dequeuniversity.com/rules/axe/4.9/keyboard,,2026-05-22,complete
axe_label,axe-core,rule,label,1.3.1,A,Form elements must have labels,Ensures every form element has a label,https://dequeuniversity.com/rules/axe/4.9/label,wcag2a wcag131 cat.forms,https://dequeuniversity.com/rules/axe/4.9/label,,2026-05-22,complete
axe_label-content-name-mismatch,axe-core,rule,label-content-name-mismatch,2.5.3,AA,Elements with visible text label must have an accessible name that includes the visible text label,Ensures that elements labelled through their content must have their visible text as part of their accessible name,https://dequeuniversity.com/rules/axe/4.9/label-content-name-mismatch,wcag21aa wcag253 cat.semantics,https://dequeuniversity.com/rules/axe/4.9/label-content-name-mismatch,,2026-05-22,complete
axe_landmark-banner-is-top-level,axe-core,rule,landmark-banner-is-top-level,1.3.6,AA,Banner landmark must not be nested in another landmark,Ensures the banner role is used correctly so that all users can benefit from the functionality it provides,https://dequeuniversity.com/rules/axe/4.9/landmark-banner-is-top-level,wcag2aa wcag136 cat.semantics,https://dequeuniversity.com/rules/axe/4.9/landmark-banner-is-top-level,,2026-05-22,complete
axe_landmark-complementary-is-top-level,axe-core,rule,landmark-complementary-is-top-level,1.3.6,AA,Aside elements must be top-level unless they are nestable,Ensures the complementary role is used correctly so that all users can benefit,https://dequeuniversity.com/rules/axe/4.9/landmark-complementary-is-top-level,wcag2aa wcag136 cat.semantics,https://dequeuniversity.com/rules/axe/4.9/landmark-complementary-is-top-level,,2026-05-22,complete
axe_landmark-contentinfo-is-top-level,axe-core,rule,landmark-contentinfo-is-top-level,1.3.6,AA,Contentinfo landmark must not be nested in another landmark,Ensures the contentinfo role is used correctly,https://dequeuniversity.com/rules/axe/4.9/landmark-contentinfo-is-top-level,wcag2aa wcag136 cat.semantics,https://dequeuniversity.com/rules/axe/4.9/landmark-contentinfo-is-top-level,,2026-05-22,complete
axe_landmark-main-is-top-level,axe-core,rule,landmark-main-is-top-level,1.3.6,AA,Main landmark must not be nested in another landmark,Ensures the main role attribute is used correctly,https://dequeuniversity.com/rules/axe/4.9/landmark-main-is-top-level,wcag2aa wcag136 cat.semantics,https://dequeuniversity.com/rules/axe/4.9/landmark-main-is-top-level,,2026-05-22,complete
axe_landmark-no-duplicate-banner,axe-core,rule,landmark-no-duplicate-banner,1.3.6,AA,Document must not have more than one banner landmark,Ensures the document has at most one banner landmark,https://dequeuniversity.com/rules/axe/4.9/landmark-no-duplicate-banner,wcag2aa wcag136 cat.semantics,https://dequeuniversity.com/rules/axe/4.9/landmark-no-duplicate-banner,,2026-05-22,complete
axe_landmark-no-duplicate-contentinfo,axe-core,rule,landmark-no-duplicate-contentinfo,1.3.6,AA,Document must not have more than one contentinfo landmark,Ensures the document has at most one contentinfo landmark,https://dequeuniversity.com/rules/axe/4.9/landmark-no-duplicate-contentinfo,wcag2aa wcag136 cat.semantics,https://dequeuniversity.com/rules/axe/4.9/landmark-no-duplicate-contentinfo,,2026-05-22,complete
axe_landmark-no-duplicate-main,axe-core,rule,landmark-no-duplicate-main,1.3.6,AA,Document must not have more than one main landmark,Ensures the document has at most one main landmark,https://dequeuniversity.com/rules/axe/4.9/landmark-no-duplicate-main,wcag2aa wcag136 cat.semantics,https://dequeuniversity.com/rules/axe/4.9/landmark-no-duplicate-main,,2026-05-22,complete
axe_landmark-one-main,axe-core,rule,landmark-one-main,1.3.6,AA,Document must have one main landmark,Ensures the document has a main landmark,https://dequeuniversity.com/rules/axe/4.9/landmark-one-main,wcag2aa wcag136 cat.semantics,https://dequeuniversity.com/rules/axe/4.9/landmark-one-main,,2026-05-22,complete
axe_landmark-unique,axe-core,rule,landmark-unique,1.3.6,AA,Landmarks should have a unique role or role/label/title combination,Ensures landmarks are unique,https://dequeuniversity.com/rules/axe/4.9/landmark-unique,wcag2aa wcag136 cat.semantics,https://dequeuniversity.com/rules/axe/4.9/landmark-unique,,2026-05-22,complete
axe_link-in-text-block,axe-core,rule,link-in-text-block,1.4.1,A,Links must be distinguishable without relying on color,Ensure links are distinguished from surrounding text in a way that does not rely on color,https://dequeuniversity.com/rules/axe/4.9/link-in-text-block,wcag2a wcag141 cat.color,https://dequeuniversity.com/rules/axe/4.9/link-in-text-block,,2026-05-22,complete
axe_link-name,axe-core,rule,link-name,2.4.4,A,Links must have discernible text,Ensures links have discernible text,https://dequeuniversity.com/rules/axe/4.9/link-name,wcag2a wcag244 cat.name-role-value,https://dequeuniversity.com/rules/axe/4.9/link-name,,2026-05-22,complete
axe_list,axe-core,rule,list,1.3.1,A,list element must only directly contain allowed elements,Ensures that lists are structured correctly,https://dequeuniversity.com/rules/axe/4.9/list,wcag2a wcag131 cat.structure,https://dequeuniversity.com/rules/axe/4.9/list,,2026-05-22,complete
axe_listitem,axe-core,rule,listitem,1.3.1,A,List item elements must be contained in a list or group role,Ensures li elements are used semantically,https://dequeuniversity.com/rules/axe/4.9/listitem,wcag2a wcag131 cat.structure,https://dequeuniversity.com/rules/axe/4.9/listitem,,2026-05-22,complete
axe_meta-refresh,axe-core,rule,meta-refresh,2.2.1,A,Ensure that time-based content does not automatically redirect or refresh,Ensures meta-refresh is not used for delayed action,https://dequeuniversity.com/rules/axe/4.9/meta-refresh,wcag2a wcag221 cat.time-and-media,https://dequeuniversity.com/rules/axe/4.9/meta-refresh,,2026-05-22,complete
axe_meta-viewport,axe-core,rule,meta-viewport,1.4.4,AA,zoom and maximum-scale in the viewport meta tag must not be disabled,Ensures meta-viewport does not disable text scaling and zooming,https://dequeuniversity.com/rules/axe/4.9/meta-viewport,wcag2aa wcag144 cat.sensory-and-visual-cues,https://dequeuniversity.com/rules/axe/4.9/meta-viewport,,2026-05-22,complete
axe_nested-interactive,axe-core,rule,nested-interactive,4.1.2,A,Interactive controls must not be nested,Ensures interactive controls are not nested as they are not always announced by screen readers,https://dequeuniversity.com/rules/axe/4.9/nested-interactive,wcag2a wcag412 cat.keyboard,https://dequeuniversity.com/rules/axe/4.9/nested-interactive,,2026-05-22,complete
axe_no-autoplay-audio,axe-core,rule,no-autoplay-audio,1.4.2,A,An element that plays audio must not auto play for more than 3 seconds,Ensures audio or video elements do not autoplay audio for more than 3 seconds without providing an audio control mechanism to turn off or control the volume,https://dequeuniversity.com/rules/axe/4.9/no-autoplay-audio,wcag2a wcag142 cat.time-and-media,https://dequeuniversity.com/rules/axe/4.9/no-autoplay-audio,,2026-05-22,complete
axe_object-alt,axe-core,rule,object-alt,1.1.1,A,Object elements must have alternate text,Ensures object elements have alternate text,https://dequeuniversity.com/rules/axe/4.9/object-alt,wcag2a wcag111 cat.text-alternatives,https://dequeuniversity.com/rules/axe/4.9/object-alt,,2026-05-22,complete
axe_p-as-heading,axe-core,rule,p-as-heading,1.3.1,A,Bold italicized and font-size styled text must not act as a visual heading,Ensure bold italicized and font-size styled text is not used to replace heading markup,https://dequeuniversity.com/rules/axe/4.9/p-as-heading,wcag2a wcag131 cat.semantics,https://dequeuniversity.com/rules/axe/4.9/p-as-heading,,2026-05-22,complete
axe_page-has-heading-one,axe-core,rule,page-has-heading-one,1.3.1,A,Page must contain a level-one heading,Ensure that the page or at least one of its frames contains a level-one heading,https://dequeuniversity.com/rules/axe/4.9/page-has-heading-one,wcag2a wcag131 cat.semantics,https://dequeuniversity.com/rules/axe/4.9/page-has-heading-one,,2026-05-22,complete
axe_region,axe-core,rule,region,1.3.6,AA,All page content should be contained by landmarks,Ensures all page content is contained by landmarks,https://dequeuniversity.com/rules/axe/4.9/region,wcag2aa wcag136 cat.keyboard,https://dequeuniversity.com/rules/axe/4.9/region,,2026-05-22,complete
axe_role-img-alt,axe-core,rule,role-img-alt,1.1.1,A,Images with role=img must have an alternate text,Ensures role=img elements have alternate text,https://dequeuniversity.com/rules/axe/4.9/role-img-alt,wcag2a wcag111 cat.text-alternatives,https://dequeuniversity.com/rules/axe/4.9/role-img-alt,,2026-05-22,complete
axe_scope-attr-valid,axe-core,rule,scope-attr-valid,1.3.1,A,scope attribute values must be used correctly,Ensures the scope attribute is used correctly on tables,https://dequeuniversity.com/rules/axe/4.9/scope-attr-valid,wcag2a wcag131 cat.tables,https://dequeuniversity.com/rules/axe/4.9/scope-attr-valid,,2026-05-22,complete
axe_scrollable-region-focusable,axe-core,rule,scrollable-region-focusable,2.1.1,A,Elements that have scrollable content must be accessible by keyboard,Elements that have scrollable content must be accessible by keyboard,https://dequeuniversity.com/rules/axe/4.9/scrollable-region-focusable,wcag2a wcag211 cat.keyboard,https://dequeuniversity.com/rules/axe/4.9/scrollable-region-focusable,,2026-05-22,complete
axe_select-name,axe-core,rule,select-name,1.3.1,A,Select element must have an accessible name,Ensures select element has an accessible name,https://dequeuniversity.com/rules/axe/4.9/select-name,wcag2a wcag131 cat.forms,https://dequeuniversity.com/rules/axe/4.9/select-name,,2026-05-22,complete
axe_server-side-image-map,axe-core,rule,server-side-image-map,2.1.1,A,Avoid server-side image maps,Ensures that server-side image maps are not used,https://dequeuniversity.com/rules/axe/4.9/server-side-image-map,wcag2a wcag211 cat.text-alternatives,https://dequeuniversity.com/rules/axe/4.9/server-side-image-map,,2026-05-22,complete
axe_skip-link,axe-core,rule,skip-link,2.4.1,A,The page must have a means to bypass repeated blocks,Ensure all skip links have a focusable target,https://dequeuniversity.com/rules/axe/4.9/skip-link,wcag2a wcag241 cat.keyboard,https://dequeuniversity.com/rules/axe/4.9/skip-link,,2026-05-22,complete
axe_svg-img-alt,axe-core,rule,svg-img-alt,1.1.1,A,SVG images must have an alternate text,Ensures SVG elements with an img role have an accessible text,https://dequeuniversity.com/rules/axe/4.9/svg-img-alt,wcag2a wcag111 cat.text-alternatives,https://dequeuniversity.com/rules/axe/4.9/svg-img-alt,,2026-05-22,complete
axe_tabindex,axe-core,rule,tabindex,2.4.3,A,Elements should not have tabindex greater than zero,Ensures that tabindex attribute values are not greater than 0,https://dequeuniversity.com/rules/axe/4.9/tabindex,wcag2a wcag243 cat.keyboard,https://dequeuniversity.com/rules/axe/4.9/tabindex,,2026-05-22,complete
axe_table-duplicate-name,axe-core,rule,table-duplicate-name,1.3.1,A,The summary attribute must not duplicate the caption element,Ensures the summarya attribute does not duplicate the caption element,https://dequeuniversity.com/rules/axe/4.9/table-duplicate-name,wcag2a wcag131 cat.tables,https://dequeuniversity.com/rules/axe/4.9/table-duplicate-name,,2026-05-22,complete
axe_td-headers-attr,axe-core,rule,td-headers-attr,1.3.1,A,All cells in a table element that use the headers attribute must only refer to other cells in that table,Ensures that each cell using the headers refers to another cell in the same table,https://dequeuniversity.com/rules/axe/4.9/td-headers-attr,wcag2a wcag131 cat.tables,https://dequeuniversity.com/rules/axe/4.9/td-headers-attr,,2026-05-22,complete
axe_th-has-data-cells,axe-core,rule,th-has-data-cells,1.3.1,A,All th elements and elements with role=columnheader/rowheader must have data cells they describe,Ensures that th elements and elements with role=columnheader/rowheader have data cells they describe,https://dequeuniversity.com/rules/axe/4.9/th-has-data-cells,wcag2a wcag131 cat.tables,https://dequeuniversity.com/rules/axe/4.9/th-has-data-cells,,2026-05-22,complete
axe_valid-lang,axe-core,rule,valid-lang,3.1.2,AA,lang attributes must have a valid value,Ensures lang attributes have valid values,https://dequeuniversity.com/rules/axe/4.9/valid-lang,wcag2aa wcag312 cat.language,https://dequeuniversity.com/rules/axe/4.9/valid-lang,,2026-05-22,complete
axe_video-caption,axe-core,rule,video-caption,1.2.2,A,Video elements must have captions,Ensures video elements have captions,https://dequeuniversity.com/rules/axe/4.9/video-caption,wcag2a wcag122 cat.time-and-media,https://dequeuniversity.com/rules/axe/4.9/video-caption,,2026-05-22,complete
axe_css-orientation-lock,axe-core,rule,css-orientation-lock,1.3.4,AA,CSS Media Queries must not lock orientation of the screen,Ensures content is not locked to any specific display orientation and the content is operable in all display orientations,https://dequeuniversity.com/rules/axe/4.9/css-orientation-lock,wcag21aa wcag134 cat.structure,https://dequeuniversity.com/rules/axe/4.9/css-orientation-lock,,2026-05-22,complete
axe_focus-trap,axe-core,rule,focus-trap,2.1.2,A,Page must not trap focus,Ensures users cannot be trapped in a content area through keyboard input,https://dequeuniversity.com/rules/axe/4.9/focus-trap,wcag2a wcag212 cat.keyboard,https://dequeuniversity.com/rules/axe/4.9/focus-trap,,2026-05-22,complete
axe_hidden-content,axe-core,rule,hidden-content,,,Some content is not visible and may not be tested for accessibility,Informs users about hidden content present on the page that may need to be manually inspected,https://dequeuniversity.com/rules/axe/4.9/hidden-content,best-practice,https://dequeuniversity.com/rules/axe/4.9/hidden-content,,2026-05-22,incomplete
axe_identical-links-same-purpose,axe-core,rule,identical-links-same-purpose,2.4.9,AAA,Links with the same accessible name must serve a similar purpose,Ensure that links with the same accessible name serve the same purpose,https://dequeuniversity.com/rules/axe/4.9/identical-links-same-purpose,wcag2aaa wcag249 cat.semantics,https://dequeuniversity.com/rules/axe/4.9/identical-links-same-purpose,,2026-05-22,complete
axe_landmark-has-body-context,axe-core,rule,landmark-has-body-context,1.3.6,AA,Landmarks must be on a section of the page with its body context,Ensures landmarks only appear in the context of a body element,https://dequeuniversity.com/rules/axe/4.9/landmark-has-body-context,wcag2aa wcag136 cat.semantics,https://dequeuniversity.com/rules/axe/4.9/landmark-has-body-context,,2026-05-22,complete
axe_meta-viewport-large,axe-core,rule,meta-viewport-large,1.4.4,AA,Users should be able to zoom and scale the text up to 500%,Ensures meta-viewport allows users to scale text up to 500%,https://dequeuniversity.com/rules/axe/4.9/meta-viewport-large,wcag2aa wcag144 cat.sensory-and-visual-cues,https://dequeuniversity.com/rules/axe/4.9/meta-viewport-large,,2026-05-22,complete
axe_presentation-role-conflict,axe-core,rule,presentation-role-conflict,4.1.2,A,Elements with role=presentation or role=none must not have ARIA attributes,Flags elements that have conflicting roles and must be resolved,https://dequeuniversity.com/rules/axe/4.9/presentation-role-conflict,wcag2a wcag412 cat.aria,https://dequeuniversity.com/rules/axe/4.9/presentation-role-conflict,,2026-05-22,complete
axe_target-size,axe-core,rule,target-size,2.5.5,AA,Ensure touch target have sufficient size,Ensure touch targets have an accessible size,https://dequeuniversity.com/rules/axe/4.9/target-size,wcag21aa wcag255 cat.sensory-and-visual-cues,https://dequeuniversity.com/rules/axe/4.9/target-size,,2026-05-22,complete
axe_autocomplete-valid,axe-core,rule,autocomplete-valid,1.3.5,AA,Ensure the autocomplete attribute is correct,Ensure the autocomplete attribute is correct and suitable for the form field it is used with,https://dequeuniversity.com/rules/axe/4.9/autocomplete-valid,wcag21aa wcag135 cat.forms,https://dequeuniversity.com/rules/axe/4.9/autocomplete-valid,,2026-05-22,complete
axe_avoid-inline-spacing,axe-core,rule,avoid-inline-spacing,1.4.12,AA,Inline text spacing must be adjustable with custom stylesheets,Ensure that text spacing set through style attributes can be adjusted with custom stylesheets,https://dequeuniversity.com/rules/axe/4.9/avoid-inline-spacing,wcag21aa wcag1412 cat.structure,https://dequeuniversity.com/rules/axe/4.9/avoid-inline-spacing,,2026-05-22,complete
axe_empty-heading,axe-core,rule,empty-heading,2.4.6,AA,Headings should not be empty,Ensures headings have discernible text,https://dequeuniversity.com/rules/axe/4.9/empty-heading,wcag2aa wcag246 cat.name-role-value,https://dequeuniversity.com/rules/axe/4.9/empty-heading,,2026-05-22,complete
axe_empty-table-header,axe-core,rule,empty-table-header,,,Table header text should not be empty,Ensures table headers have discernible text,https://dequeuniversity.com/rules/axe/4.9/empty-table-header,best-practice,https://dequeuniversity.com/rules/axe/4.9/empty-table-header,,2026-05-22,incomplete
axe_heading-order,axe-core,rule,heading-order,1.3.1,A,Heading levels should only increase by one,Ensures the order of headings is semantically correct,https://dequeuniversity.com/rules/axe/4.9/heading-order,wcag2a wcag131 cat.semantics,https://dequeuniversity.com/rules/axe/4.9/heading-order,,2026-05-22,complete
wcag_1.1.1,w3c-wcag,success_criterion,,1.1.1,A,Non-text Content,"All non-text content that is presented to the user has a text alternative that serves the equivalent purpose, except for certain situations.",https://www.w3.org/WAI/WCAG21/Understanding/non-text-content,,2026-05-22,complete
wcag_1.2.1,w3c-wcag,success_criterion,,1.2.1,A,Audio-only and Video-only (Prerecorded),"For prerecorded audio-only and prerecorded video-only media, the following are true, except when the audio or video is a media alternative for text.",https://www.w3.org/WAI/WCAG21/Understanding/audio-only-and-video-only-prerecorded,,2026-05-22,complete
wcag_1.2.2,w3c-wcag,success_criterion,,1.2.2,A,Captions (Prerecorded),"Captions are provided for all prerecorded audio content in synchronized media, except when the media is a media alternative for text.",https://www.w3.org/WAI/WCAG21/Understanding/captions-prerecorded,,2026-05-22,complete
wcag_1.2.3,w3c-wcag,success_criterion,,1.2.3,A,Audio Description or Media Alternative (Prerecorded),"An alternative for time-based media or audio description of the prerecorded video content is provided for synchronized media, except when the media is a media alternative for text.",https://www.w3.org/WAI/WCAG21/Understanding/audio-description-or-media-alternative-prerecorded,,2026-05-22,complete
wcag_1.2.4,w3c-wcag,success_criterion,,1.2.4,AA,Captions (Live),Captions are provided for all live audio content in synchronized media.,https://www.w3.org/WAI/WCAG21/Understanding/captions-live,,2026-05-22,complete
wcag_1.2.5,w3c-wcag,success_criterion,,1.2.5,AA,Audio Description (Prerecorded),Audio description is provided for all prerecorded video content in synchronized media.,https://www.w3.org/WAI/WCAG21/Understanding/audio-description-prerecorded,,2026-05-22,complete
wcag_1.2.6,w3c-wcag,success_criterion,,1.2.6,AAA,Sign Language (Prerecorded),Sign language interpretation is provided for all prerecorded audio content in synchronized media.,https://www.w3.org/WAI/WCAG21/Understanding/sign-language-prerecorded,,2026-05-22,complete
wcag_1.2.7,w3c-wcag,success_criterion,,1.2.7,AAA,Extended Audio Description (Prerecorded),"Where pauses in foreground audio are insufficient to allow audio descriptions to convey the sense of the video, extended audio description is provided for all prerecorded video content in synchronized media.",https://www.w3.org/WAI/WCAG21/Understanding/extended-audio-description-prerecorded,,2026-05-22,complete
wcag_1.2.8,w3c-wcag,success_criterion,,1.2.8,AAA,Media Alternative (Prerecorded),An alternative for time-based media is provided for all prerecorded synchronized media and for all prerecorded video-only media.,https://www.w3.org/WAI/WCAG21/Understanding/media-alternative-prerecorded,,2026-05-22,complete
wcag_1.2.9,w3c-wcag,success_criterion,,1.2.9,AAA,Audio-only (Live),An alternative for time-based media that presents equivalent information for live audio-only content is provided.,https://www.w3.org/WAI/WCAG21/Understanding/audio-only-live,,2026-05-22,complete
wcag_1.3.1,w3c-wcag,success_criterion,,1.3.1,A,Info and Relationships,"Information, structure, and relationships conveyed through presentation can be programmatically determined or are available in text.",https://www.w3.org/WAI/WCAG21/Understanding/info-and-relationships,,2026-05-22,complete
wcag_1.3.2,w3c-wcag,success_criterion,,1.3.2,A,Meaningful Sequence,"If the sequence in which content is presented affects its meaning, a correct reading sequence can be programmatically determined.",https://www.w3.org/WAI/WCAG21/Understanding/meaningful-sequence,,2026-05-22,complete
wcag_1.3.3,w3c-wcag,success_criterion,,1.3.3,A,Sensory Characteristics,"Instructions provided for understanding and operating content do not rely solely on sensory characteristics of components such as shape, color, size, visual location, orientation, or sound.",https://www.w3.org/WAI/WCAG21/Understanding/sensory-characteristics,,2026-05-22,complete
wcag_1.3.4,w3c-wcag,success_criterion,,1.3.4,AA,Orientation,"Content does not restrict its view and operation to a single display orientation, such as portrait or landscape, unless a specific display orientation is essential.",https://www.w3.org/WAI/WCAG21/Understanding/orientation,,2026-05-22,complete
wcag_1.3.5,w3c-wcag,success_criterion,,1.3.5,AA,Identify Input Purpose,"The purpose of each input field collecting information about the user can be programmatically determined when the input field serves a purpose identified in the Input Purposes for User Interface Components section.",https://www.w3.org/WAI/WCAG21/Understanding/identify-input-purpose,,2026-05-22,complete
wcag_1.3.6,w3c-wcag,success_criterion,,1.3.6,AAA,Identify Purpose,"In content implemented using markup languages, the purpose of User Interface Components, icons, and regions can be programmatically determined.",https://www.w3.org/WAI/WCAG21/Understanding/identify-purpose,,2026-05-22,complete
wcag_1.4.1,w3c-wcag,success_criterion,,1.4.1,A,Use of Color,Color is not used as the only visual means of conveying information indicating an action prompting a response or distinguishing a visual element.,https://www.w3.org/WAI/WCAG21/Understanding/use-of-color,,2026-05-22,complete
wcag_1.4.2,w3c-wcag,success_criterion,,1.4.2,A,Audio Control,If any audio on a Web page plays automatically for more than 3 seconds either a mechanism is available to pause or stop the audio or a mechanism is available to control audio volume independently from the overall system volume level.,https://www.w3.org/WAI/WCAG21/Understanding/audio-control,,2026-05-22,complete
wcag_1.4.3,w3c-wcag,success_criterion,,1.4.3,AA,Contrast (Minimum),The visual presentation of text and images of text has a contrast ratio of at least 4.5:1 except for large text incidental text and logotypes.,https://www.w3.org/WAI/WCAG21/Understanding/contrast-minimum,,2026-05-22,complete
wcag_1.4.4,w3c-wcag,success_criterion,,1.4.4,AA,Resize Text,"Except for captions and images of text, text can be resized without assistive technology up to 200 percent without loss of content or functionality.",https://www.w3.org/WAI/WCAG21/Understanding/resize-text,,2026-05-22,complete
wcag_1.4.5,w3c-wcag,success_criterion,,1.4.5,AA,Images of Text,"If the technologies being used can achieve the visual presentation, text is used to convey information rather than images of text except for customizable and essential cases.",https://www.w3.org/WAI/WCAG21/Understanding/images-of-text,,2026-05-22,complete
wcag_1.4.6,w3c-wcag,success_criterion,,1.4.6,AAA,Contrast (Enhanced),The visual presentation of text and images of text has a contrast ratio of at least 7:1 except for large text incidental text and logotypes.,https://www.w3.org/WAI/WCAG21/Understanding/contrast-enhanced,,2026-05-22,complete
wcag_1.4.7,w3c-wcag,success_criterion,,1.4.7,AAA,Low or No Background Audio,"For prerecorded audio-only content that contains primarily speech in the foreground, is not an audio CAPTCHA or audio logo, and is not vocalization intended to be primarily musical expression such as singing or rapping, at least one of the following is true.",https://www.w3.org/WAI/WCAG21/Understanding/low-or-no-background-audio,,2026-05-22,complete
wcag_1.4.8,w3c-wcag,success_criterion,,1.4.8,AAA,Visual Presentation,For the visual presentation of blocks of text a mechanism is available to achieve certain visual presentation characteristics.,https://www.w3.org/WAI/WCAG21/Understanding/visual-presentation,,2026-05-22,complete
wcag_1.4.9,w3c-wcag,success_criterion,,1.4.9,AAA,Images of Text (No Exception),Images of text are only used for pure decoration or where a particular presentation of text is essential to the information being conveyed.,https://www.w3.org/WAI/WCAG21/Understanding/images-of-text-no-exception,,2026-05-22,complete
wcag_1.4.10,w3c-wcag,success_criterion,,1.4.10,AA,Reflow,"Content can be presented without loss of information or functionality, and without requiring scrolling in two dimensions for vertical scrolling content at a width equivalent to 320 CSS pixels.",https://www.w3.org/WAI/WCAG21/Understanding/reflow,,2026-05-22,complete
wcag_1.4.11,w3c-wcag,success_criterion,,1.4.11,AA,Non-text Contrast,"The visual presentation of user interface components and graphical objects has a contrast ratio of at least 3:1 against adjacent color(s), except for inactive components or where the appearance of the component is determined by the user agent and not modified by the author.",https://www.w3.org/WAI/WCAG21/Understanding/non-text-contrast,,2026-05-22,complete
wcag_1.4.12,w3c-wcag,success_criterion,,1.4.12,AA,Text Spacing,"In content implemented using markup languages, no loss of content or functionality occurs by setting letter spacing line height and spacing after paragraphs to specified values.",https://www.w3.org/WAI/WCAG21/Understanding/text-spacing,,2026-05-22,complete
wcag_1.4.13,w3c-wcag,success_criterion,,1.4.13,AA,Content on Hover or Focus,"Where receiving and then removing pointer hover or keyboard focus triggers additional content to become visible and then hidden, the following are true.",https://www.w3.org/WAI/WCAG21/Understanding/content-on-hover-or-focus,,2026-05-22,complete
wcag_2.1.1,w3c-wcag,success_criterion,,2.1.1,A,Keyboard,"All functionality of the content is operable through a keyboard interface without requiring specific timings for individual keystrokes, except where the underlying function requires input that depends on the path of the user's movement and not just the endpoints.",https://www.w3.org/WAI/WCAG21/Understanding/keyboard,,2026-05-22,complete
wcag_2.1.2,w3c-wcag,success_criterion,,2.1.2,A,No Keyboard Trap,"If keyboard focus can be moved to a component of the page using a keyboard interface, then focus can be moved away from that component using only a keyboard interface.",https://www.w3.org/WAI/WCAG21/Understanding/no-keyboard-trap,,2026-05-22,complete
wcag_2.1.3,w3c-wcag,success_criterion,,2.1.3,AAA,Keyboard (No Exception),All functionality of the content is operable through a keyboard interface without requiring specific timings for individual keystrokes.,https://www.w3.org/WAI/WCAG21/Understanding/keyboard-no-exception,,2026-05-22,complete
wcag_2.1.4,w3c-wcag,success_criterion,,2.1.4,A,Character Key Shortcuts,"If a keyboard shortcut is implemented in content using only letter (including upper and lower-case letters), punctuation, number, or symbol characters, then at least one of the following is true.",https://www.w3.org/WAI/WCAG21/Understanding/character-key-shortcuts,,2026-05-22,complete
wcag_2.2.1,w3c-wcag,success_criterion,,2.2.1,A,Timing Adjustable,"For each time limit that is set by the content, at least one of the following is true.",https://www.w3.org/WAI/WCAG21/Understanding/timing-adjustable,,2026-05-22,complete
wcag_2.2.2,w3c-wcag,success_criterion,,2.2.2,A,Pause Stop Hide,"For moving, blinking, scrolling, or auto-updating information, all of the following are true.",https://www.w3.org/WAI/WCAG21/Understanding/pause-stop-hide,,2026-05-22,complete
wcag_2.2.3,w3c-wcag,success_criterion,,2.2.3,AAA,No Timing,Timing is not an essential part of the event or activity presented by the content except for non-interactive synchronized media and real-time events.,https://www.w3.org/WAI/WCAG21/Understanding/no-timing,,2026-05-22,complete
wcag_2.2.4,w3c-wcag,success_criterion,,2.2.4,AAA,Interruptions,Interruptions can be postponed or suppressed by the user except interruptions involving an emergency.,https://www.w3.org/WAI/WCAG21/Understanding/interruptions,,2026-05-22,complete
wcag_2.2.5,w3c-wcag,success_criterion,,2.2.5,AAA,Re-authenticating,"When an authenticated session expires, the user can continue the activity without loss of data after re-authenticating.",https://www.w3.org/WAI/WCAG21/Understanding/re-authenticating,,2026-05-22,complete
wcag_2.2.6,w3c-wcag,success_criterion,,2.2.6,AAA,Timeouts,"Users are warned of the duration of any user inactivity that could cause data loss, unless the data is preserved for more than 20 hours when the user does not take any actions.",https://www.w3.org/WAI/WCAG21/Understanding/timeouts,,2026-05-22,complete
wcag_2.3.1,w3c-wcag,success_criterion,,2.3.1,A,Three Flashes or Below Threshold,Web pages do not contain anything that flashes more than three times in any one second period or the flash is below the general flash and red flash thresholds.,https://www.w3.org/WAI/WCAG21/Understanding/three-flashes-or-below-threshold,,2026-05-22,complete
wcag_2.3.2,w3c-wcag,success_criterion,,2.3.2,AAA,Three Flashes,Web pages do not contain anything that flashes more than three times in any one second period.,https://www.w3.org/WAI/WCAG21/Understanding/three-flashes,,2026-05-22,complete
wcag_2.3.3,w3c-wcag,success_criterion,,2.3.3,AAA,Animation from Interactions,Motion animation triggered by interaction can be disabled unless the animation is essential to the functionality or the information being conveyed.,https://www.w3.org/WAI/WCAG21/Understanding/animation-from-interactions,,2026-05-22,complete
wcag_2.4.1,w3c-wcag,success_criterion,,2.4.1,A,Bypass Blocks,A mechanism is available to bypass blocks of content that are repeated on multiple Web pages.,https://www.w3.org/WAI/WCAG21/Understanding/bypass-blocks,,2026-05-22,complete
wcag_2.4.2,w3c-wcag,success_criterion,,2.4.2,A,Page Titled,Web pages have titles that describe topic or purpose.,https://www.w3.org/WAI/WCAG21/Understanding/page-titled,,2026-05-22,complete
wcag_2.4.3,w3c-wcag,success_criterion,,2.4.3,A,Focus Order,"If a Web page can be navigated sequentially and the navigation sequences affect meaning or operation, focusable components receive focus in an order that preserves meaning and operability.",https://www.w3.org/WAI/WCAG21/Understanding/focus-order,,2026-05-22,complete
wcag_2.4.4,w3c-wcag,success_criterion,,2.4.4,A,Link Purpose (In Context),"The purpose of each link can be determined from the link text alone or from the link text together with its programmatically determined link context, except where the purpose of the link would be ambiguous to users in general.",https://www.w3.org/WAI/WCAG21/Understanding/link-purpose-in-context,,2026-05-22,complete
wcag_2.4.5,w3c-wcag,success_criterion,,2.4.5,AA,Multiple Ways,More than one way is available to locate a Web page within a set of Web pages except where the Web Page is the result of or a step in a process.,https://www.w3.org/WAI/WCAG21/Understanding/multiple-ways,,2026-05-22,complete
wcag_2.4.6,w3c-wcag,success_criterion,,2.4.6,AA,Headings and Labels,Headings and labels describe topic or purpose.,https://www.w3.org/WAI/WCAG21/Understanding/headings-and-labels,,2026-05-22,complete
wcag_2.4.7,w3c-wcag,success_criterion,,2.4.7,AA,Focus Visible,Any keyboard operable user interface has a mode of operation where the keyboard focus indicator is visible.,https://www.w3.org/WAI/WCAG21/Understanding/focus-visible,,2026-05-22,complete
wcag_2.4.8,w3c-wcag,success_criterion,,2.4.8,AAA,Location,Information about the user's location within a set of Web pages is available.,https://www.w3.org/WAI/WCAG21/Understanding/location,,2026-05-22,complete
wcag_2.4.9,w3c-wcag,success_criterion,,2.4.9,AAA,Link Purpose (Link Only),"A mechanism is available to allow the purpose of each link to be identified from link text alone, except where the purpose of the link would be ambiguous to users in general.",https://www.w3.org/WAI/WCAG21/Understanding/link-purpose-link-only,,2026-05-22,complete
wcag_2.4.10,w3c-wcag,success_criterion,,2.4.10,AAA,Section Headings,Section headings are used to organize the content.,https://www.w3.org/WAI/WCAG21/Understanding/section-headings,,2026-05-22,complete
wcag_2.5.1,w3c-wcag,success_criterion,,2.5.1,A,Pointer Gestures,"All functionality that uses multipoint or path-based gestures for operation can be operated with a single pointer without a path-based gesture, unless a multipoint or path-based gesture is essential.",https://www.w3.org/WAI/WCAG21/Understanding/pointer-gestures,,2026-05-22,complete
wcag_2.5.2,w3c-wcag,success_criterion,,2.5.2,A,Pointer Cancellation,"For functionality that can be operated using a single pointer, at least one of the following is true.",https://www.w3.org/WAI/WCAG21/Understanding/pointer-cancellation,,2026-05-22,complete
wcag_2.5.3,w3c-wcag,success_criterion,,2.5.3,A,Label in Name,"For user interface components with labels that include text or images of text, the name contains the text that is presented visually.",https://www.w3.org/WAI/WCAG21/Understanding/label-in-name,,2026-05-22,complete
wcag_2.5.4,w3c-wcag,success_criterion,,2.5.4,A,Motion Actuation,Functionality that can be operated by device motion or user motion can also be operated by user interface components and responding to the motion can be disabled to prevent accidental actuation.,https://www.w3.org/WAI/WCAG21/Understanding/motion-actuation,,2026-05-22,complete
wcag_2.5.5,w3c-wcag,success_criterion,,2.5.5,AAA,Target Size,The size of the target for pointer inputs is at least 44 by 44 CSS pixels.,https://www.w3.org/WAI/WCAG21/Understanding/target-size,,2026-05-22,complete
wcag_2.5.6,w3c-wcag,success_criterion,,2.5.6,AAA,Concurrent Input Mechanisms,Web content does not restrict use of input modalities available on a platform except where the restriction is essential.,https://www.w3.org/WAI/WCAG21/Understanding/concurrent-input-mechanisms,,2026-05-22,complete
wcag_3.1.1,w3c-wcag,success_criterion,,3.1.1,A,Language of Page,The default human language of each Web page can be programmatically determined.,https://www.w3.org/WAI/WCAG21/Understanding/language-of-page,,2026-05-22,complete
wcag_3.1.2,w3c-wcag,success_criterion,,3.1.2,AA,Language of Parts,"The human language of each passage or phrase in the content can be programmatically determined except for proper names, technical terms, words of indeterminate language, and words or phrases that have become part of the vernacular of the immediately surrounding text.",https://www.w3.org/WAI/WCAG21/Understanding/language-of-parts,,2026-05-22,complete
wcag_3.1.3,w3c-wcag,success_criterion,,3.1.3,AAA,Unusual Words,A mechanism is available for identifying specific definitions of words or phrases used in an unusual or restricted way including idioms and jargon.,https://www.w3.org/WAI/WCAG21/Understanding/unusual-words,,2026-05-22,complete
wcag_3.1.4,w3c-wcag,success_criterion,,3.1.4,AAA,Abbreviations,A mechanism for identifying the expanded form or meaning of abbreviations is available.,https://www.w3.org/WAI/WCAG21/Understanding/abbreviations,,2026-05-22,complete
wcag_3.1.5,w3c-wcag,success_criterion,,3.1.5,AAA,Reading Level,"When text requires reading ability more advanced than the lower secondary education level after removal of proper names and titles, supplemental content, or a version that does not require reading ability more advanced than the lower secondary education level, is available.",https://www.w3.org/WAI/WCAG21/Understanding/reading-level,,2026-05-22,complete
wcag_3.1.6,w3c-wcag,success_criterion,,3.1.6,AAA,Pronunciation,A mechanism is available for identifying the specific pronunciation of words where the meaning of the words in context is ambiguous without knowing the pronunciation.,https://www.w3.org/WAI/WCAG21/Understanding/pronunciation,,2026-05-22,complete
wcag_3.2.1,w3c-wcag,success_criterion,,3.2.1,A,On Focus,If any component receives focus it does not initiate a change of context.,https://www.w3.org/WAI/WCAG21/Understanding/on-focus,,2026-05-22,complete
wcag_3.2.2,w3c-wcag,success_criterion,,3.2.2,A,On Input,"Changing the setting of any user interface component does not automatically cause a change of context unless the user has been advised of the behavior before using the component.",https://www.w3.org/WAI/WCAG21/Understanding/on-input,,2026-05-22,complete
wcag_3.2.3,w3c-wcag,success_criterion,,3.2.3,AA,Consistent Navigation,"Navigational mechanisms that are repeated on multiple Web pages within a set of Web pages occur in the same relative order each time they are repeated, unless a change is initiated by the user.",https://www.w3.org/WAI/WCAG21/Understanding/consistent-navigation,,2026-05-22,complete
wcag_3.2.4,w3c-wcag,success_criterion,,3.2.4,AA,Consistent Identification,Components that have the same functionality within a set of Web pages are identified consistently.,https://www.w3.org/WAI/WCAG21/Understanding/consistent-identification,,2026-05-22,complete
wcag_3.2.5,w3c-wcag,success_criterion,,3.2.5,AAA,Change on Request,Changes of context are initiated only by user request or a mechanism is available to turn off such changes.,https://www.w3.org/WAI/WCAG21/Understanding/change-on-request,,2026-05-22,complete
wcag_3.3.1,w3c-wcag,success_criterion,,3.3.1,A,Error Identification,"If an input error is automatically detected, the item that is in error is identified and the error is described to the user in text.",https://www.w3.org/WAI/WCAG21/Understanding/error-identification,,2026-05-22,complete
wcag_3.3.2,w3c-wcag,success_criterion,,3.3.2,A,Labels or Instructions,Labels or instructions are provided when content requires user input.,https://www.w3.org/WAI/WCAG21/Understanding/labels-or-instructions,,2026-05-22,complete
wcag_3.3.3,w3c-wcag,success_criterion,,3.3.3,AA,Error Suggestion,"If an input error is automatically detected and suggestions for correction are known, then the suggestion is provided to the user, unless it would jeopardize the security or purpose of the content.",https://www.w3.org/WAI/WCAG21/Understanding/error-suggestion,,2026-05-22,complete
wcag_3.3.4,w3c-wcag,success_criterion,,3.3.4,AA,Error Prevention (Legal Financial Data),"For Web pages that cause legal commitments or financial transactions for the user to occur, that modify or delete user-controllable data in data storage systems, or that submit user test responses, at least one of the following is true.",https://www.w3.org/WAI/WCAG21/Understanding/error-prevention-legal-financial-data,,2026-05-22,complete
wcag_3.3.5,w3c-wcag,success_criterion,,3.3.5,AAA,Help,Context-sensitive help is available.,https://www.w3.org/WAI/WCAG21/Understanding/help,,2026-05-22,complete
wcag_3.3.6,w3c-wcag,success_criterion,,3.3.6,AAA,Error Prevention (All),"For Web pages that require the user to submit information, at least one of the following is true.",https://www.w3.org/WAI/WCAG21/Understanding/error-prevention-all,,2026-05-22,complete
wcag_4.1.1,w3c-wcag,success_criterion,,4.1.1,A,Parsing,"In content implemented using markup languages, elements have complete start and end tags, elements are nested according to their specifications, elements do not contain duplicate attributes, and any IDs are unique, except where the specifications allow these features.",https://www.w3.org/WAI/WCAG21/Understanding/parsing,,2026-05-22,complete
wcag_4.1.2,w3c-wcag,success_criterion,,4.1.2,A,Name Role Value,"For all user interface components (including but not limited to: form elements, links and components generated by scripts), the name and role can be programmatically determined; states, properties, and values that can be set by the user can be programmatically determined; and notification of changes to these items is available to user agents, including assistive technologies.",https://www.w3.org/WAI/WCAG21/Understanding/name-role-value,,2026-05-22,complete
wcag_4.1.3,w3c-wcag,success_criterion,,4.1.3,AA,Status Messages,"In content implemented using markup languages, status messages can be programmatically determined through role or properties such that they can be presented to the user by assistive technologies without receiving focus.",https://www.w3.org/WAI/WCAG21/Understanding/status-messages,,2026-05-22,complete
rss_webaim_20250312_the_webaim_million,webaim-blog,article,,,,"The WebAIM Million: 2025 Accessibility Report","WebAIM's annual analysis of the top 1 million home pages reveals the current state of web accessibility. 96.3% of home pages had detectable WCAG 2 failures. The most common were low color contrast (81%), missing alternative text (55%), empty links (48%), missing form labels (44%), and empty buttons (28%).",,accessibility industry-news,https://webaim.org/projects/million/,2025-03-12,2026-05-22,complete
rss_webaim_20250122_color_contrast,webaim-blog,article,,,,"Color Contrast: Why It Still Fails at Scale","Despite being the most well-known accessibility requirement, color contrast remains the top WCAG failure across the web. This analysis examines why teams keep shipping contrast violations and what automated tools catch vs miss.",,accessibility industry-news,https://webaim.org/blog/color-contrast-2025/,2025-01-22,2026-05-22,complete
rss_webaim_20250115_ada_lawsuits,webaim-blog,article,,,,"ADA Digital Accessibility Lawsuits: 2024 Year in Review","Digital accessibility lawsuits reached a new high in 2024. This report analyzes trends, most-sued industries, and what failure patterns drove the most litigation.",,accessibility industry-news,https://webaim.org/blog/ada-lawsuits-2024/,2025-01-15,2026-05-22,complete
rss_webaim_20250408_screen_reader_survey,webaim-blog,article,,,,"Screen Reader User Survey #10 Results","Results of WebAIM's tenth screen reader user survey. Covers screen reader usage trends, browser combinations, and most-reported barriers for screen reader users in 2025.",,accessibility industry-news,https://webaim.org/projects/screenreadersurvey10/,2025-04-08,2026-05-22,complete
rss_webaim_20241210_wcag22,webaim-blog,article,,,,"WCAG 2.2: What Changed and What It Means for Your Site","An overview of the new success criteria introduced in WCAG 2.2, how they differ from 2.1, and practical guidance for teams updating their compliance targets.",,accessibility industry-news,https://webaim.org/blog/wcag-2-2-changes/,2024-12-10,2026-05-22,complete
rss_webaim_20250220_forms,webaim-blog,article,,,,"Accessible Forms: The Most Common Mistakes in 2025","Forms remain one of the most failure-prone areas for web accessibility. This article covers the five most common form-related WCAG failures and how to fix each one.",,accessibility industry-news,https://webaim.org/blog/accessible-forms-2025/,2025-02-20,2026-05-22,complete
rss_a11y_20250208_aria_live,a11y-project,article,,,,"Understanding ARIA Live Regions","A practical guide to aria-live, aria-atomic, and aria-relevant. When to use live regions, which values to choose, and common mistakes that break screen reader announcements.",,accessibility industry-news,https://www.a11yproject.com/posts/aria-live/,2025-02-08,2026-05-22,complete
rss_a11y_20250401_screen_reader_testing,a11y-project,article,,,,"Testing with Real Screen Readers in 2025","How to set up and test with NVDA, JAWS, and VoiceOver. Covers the most important test cases, keyboard navigation patterns, and how automated tools compare to manual screen reader testing.",,accessibility industry-news,https://www.a11yproject.com/posts/screen-reader-testing-2025/,2025-04-01,2026-05-22,complete
rss_a11y_20250115_focus_management,a11y-project,article,,,,"Focus Management in Single-Page Applications","SPAs break the browser's natural focus management. This guide covers how to manage focus during route changes, modal dialogs, and dynamic content updates to maintain a usable keyboard experience.",,accessibility industry-news,https://www.a11yproject.com/posts/focus-management-spa/,2025-01-15,2026-05-22,complete
rss_a11y_20241115_color_contrast,a11y-project,article,,,,"Everything You Need to Know About Color Contrast","A comprehensive guide to WCAG 1.4.3 and 1.4.11. Covers contrast ratios, tools for checking contrast, common pitfalls with gradients and images, and how to handle edge cases.",,accessibility industry-news,https://www.a11yproject.com/posts/color-contrast/,2024-11-15,2026-05-22,complete
rss_a11y_20250310_automated_testing,a11y-project,article,,,,"How Much Can Automated Accessibility Testing Catch?","Automated tools like axe-core and Lighthouse catch about 30-40% of WCAG failures. This article explains what they catch, what they miss, and how to combine automated and manual testing for better coverage.",,accessibility industry-news,https://www.a11yproject.com/posts/automated-accessibility-testing/,2025-03-10,2026-05-22,complete
rss_webaim_20250505_cognitive,webaim-blog,article,,,,"Cognitive Accessibility: Beyond WCAG Technical Requirements","WCAG addresses some cognitive accessibility needs but not all. This article covers reading level, plain language, consistent navigation, and error prevention patterns that help users with cognitive disabilities.",,accessibility industry-news,https://webaim.org/blog/cognitive-accessibility-2025/,2025-05-05,2026-05-22,complete
rss_a11y_20241201_skip_links,a11y-project,article,,,,"Skip Navigation Links: Still Essential in 2024","Skip links remain one of the most effective keyboard accessibility improvements. This guide covers implementation, styling (visible vs hidden), and testing to ensure they actually work.",,accessibility industry-news,https://www.a11yproject.com/posts/skip-navigation-links/,2024-12-01,2026-05-22,complete
rss_webaim_20250418_pdfs,webaim-blog,article,,,,"PDF Accessibility: The Forgotten Compliance Gap","PDFs are one of the most inaccessible document formats in common use. This report covers the most common PDF accessibility failures and tools for remediation.",,accessibility industry-news,https://webaim.org/blog/pdf-accessibility-2025/,2025-04-18,2026-05-22,complete
rss_a11y_20250225_mobile,a11y-project,article,,,,"Mobile Accessibility Testing Checklist 2025","A practical checklist for testing mobile web accessibility on iOS and Android. Covers VoiceOver, TalkBack, touch target sizes, zoom behavior, and orientation lock testing.",,accessibility industry-news,https://www.a11yproject.com/posts/mobile-accessibility-checklist-2025/,2025-02-25,2026-05-22,complete
rss_webaim_nopub1_wcag_myths,webaim-blog,article,,,,"Five WCAG Myths That Won't Die","Common misconceptions about WCAG compliance — including the belief that automated audits equal compliance, that WCAG applies only to government sites, and that accessibility is expensive to retrofit.",,accessibility industry-news,https://webaim.org/blog/wcag-myths/,,2026-05-22,incomplete
rss_webaim_nopub2_overlays,webaim-blog,article,,,,"Accessibility Overlays: What the Research Says","An evidence-based review of accessibility overlay tools. Examines whether overlays improve WCAG compliance and presents user research on how disabled users experience overlay-equipped sites.",,accessibility industry-news,https://webaim.org/blog/accessibility-overlays-research/,,2026-05-22,incomplete
rss_a11y_nopub1_captions,a11y-project,article,,,,"Writing Good Captions for Video Content","Guidance on caption accuracy, timing, speaker identification, and sound descriptions. Covers WCAG 1.2.2 requirements and tools for generating and editing captions.",,accessibility industry-news,https://www.a11yproject.com/posts/writing-good-captions/,,2026-05-22,incomplete
rss_a11y_nopub2_design_tokens,a11y-project,article,,,,"Using Design Tokens for Accessible Color Systems","How to structure design tokens to ensure color contrast is maintained across themes, dark mode, and brand color updates. Covers Figma token setup and automated contrast checking in CI/CD.",,accessibility industry-news,https://www.a11yproject.com/posts/design-tokens-accessible-colors/,,2026-05-22,incomplete
