title,date,author,link,source
The role of citations in AEO: Why citations matter more than backlinks for AI visibility,2026-05-27T19:31:42Z,juthompson@hubspot.com (Justina Thompson),https://blog.hubspot.com/marketing/citations-in-aeo,HubSpot
Introducing the HubSpot Agent CLI,2026-05-27T14:00:06Z,,https://blog.hubspot.com/marketing/introducing-the-hubspot-agent-cli,HubSpot
A master class in persuasion from an unlikely place,2026-05-27T11:00:03Z,,https://blog.hubspot.com/marketing/social-proof-master-class,HubSpot
What AI Overviews mean for SEO & website traffic,2026-05-26T11:00:03Z,arigby@hubspot.com (Amy Rigby),https://blog.hubspot.com/marketing/what-ai-overviews-mean-for-seo,HubSpot
How to optimize for AI overviews (AIOs): A complete 2026 playbook,2026-05-25T11:00:02Z,juthompson@hubspot.com (Justina Thompson),https://blog.hubspot.com/marketing/optimize-for-ai-overviews,HubSpot
How to rank in AI Overviews on Google and beyond,2026-05-25T11:00:02Z,rsukhraj@hubspot.com (Ramona Sukhraj),https://blog.hubspot.com/marketing/how-to-rank-in-ai-overviews,HubSpot
Best AI search analytics tools for marketing teams,2026-05-21T03:51:39Z,rsukhraj@hubspot.com (Ramona Sukhraj),https://blog.hubspot.com/marketing/ai-search-analytics-tools,HubSpot
AI citation tracking tools to monitor and increase visibility,2026-05-21T03:35:10Z,juthompson@hubspot.com (Justina Thompson),https://blog.hubspot.com/marketing/ai-citation-tracking-tools,HubSpot
Brand mentions: How to track and measure visibility,2026-05-18T11:00:05Z,juthompson@hubspot.com (Justina Thompson),https://blog.hubspot.com/marketing/brand-mentions,HubSpot
6 generative engine optimization benefits every marketer should know,2026-05-08T11:00:03Z,juthompson@hubspot.com (Justina Thompson),https://blog.hubspot.com/marketing/6-generative-engine-optimization-benefits-every-marketer-should-know,HubSpot
Digital Marketing Optimization: 10 Best Strategies to Increase Marketing ROI,2026-05-07T11:00:02Z,esantiago@hubspot.com (Erica Santiago),https://blog.hubspot.com/marketing/digital-marketing-optimization,HubSpot
5 science-backed pricing tips from the U.K.’s top marketing podcast,2026-05-06T11:00:04Z,,https://blog.hubspot.com/marketing/science-backed-pricing,HubSpot
Brand Visibility: How to Increase It in the Era of AI,2026-05-06T11:00:03Z,esantiago@hubspot.com (Erica Santiago),https://blog.hubspot.com/marketing/brand-visibility,HubSpot
Product SEO: 8 Strategies That Drive Demand for B2B & SaaS,2026-05-05T11:00:04Z,,https://blog.hubspot.com/marketing/product-seo,HubSpot
Keyword clustering: How to create a strategy for topic authority in 2026,2026-05-04T11:00:03Z,esantiago@hubspot.com (Erica Santiago),https://blog.hubspot.com/marketing/keyword-clustering,HubSpot
AEO prompt tracking for marketing teams,2026-05-01T16:21:07Z,juthompson@hubspot.com (Justina Thompson),https://blog.hubspot.com/marketing/aeo-prompt-tracking,HubSpot
AEO Competitor Analysis: Track AI Answer Engine Rivals,2026-04-28T22:59:56Z,,https://blog.hubspot.com/marketing/aeo-competitor-analysis,HubSpot
Share of Voice Tools for Growing Companies,2026-04-28T22:51:26Z,,https://blog.hubspot.com/marketing/share-of-voice-tools,HubSpot
Zero-click searches and the future of your marketing funnel,2026-04-28T22:37:11Z,rsukhraj@hubspot.com (Ramona Sukhraj),https://blog.hubspot.com/marketing/zero-click-searches,HubSpot
Free Answer Engine Optimization Tools to Benchmark LLM Visibility,2026-04-28T22:31:03Z,esantiago@hubspot.com (Erica Santiago),https://blog.hubspot.com/marketing/free-aeo-tool-benchmark,HubSpot
How to do keyword research for AEO (+ Tools),2026-04-28T22:02:10Z,esantiago@hubspot.com (Erica Santiago),https://blog.hubspot.com/marketing/keyword-research-tools-for-aeo,HubSpot
Is AI Killing Web Traffic? How AI Overviews Impact Organic Website Traffic,2026-04-28T21:40:30Z,rsukhraj@hubspot.com (Ramona Sukhraj),https://blog.hubspot.com/marketing/is-ai-killing-web-traffic,HubSpot
15 Competitor Monitoring Tools Teams Actually Use (2026),2026-04-28T20:44:02Z,arigby@hubspot.com (Amy Rigby),https://blog.hubspot.com/marketing/competitor-monitoring-tools,HubSpot
Answer engine optimization vs. traditional SEO: What marketers need to know,2026-04-27T19:08:21Z,,https://blog.hubspot.com/marketing/aeo-vs-seo,HubSpot
AI visibility score: How to summarize your AI visibility,2026-04-27T18:49:23Z,juthompson@hubspot.com (Justina Thompson),https://blog.hubspot.com/marketing/ai-visibility-score,HubSpot
Best practices for answer engine optimization (AEO) marketing teams can't ignore,2026-04-27T18:21:32Z,rsukhraj@hubspot.com (Ramona Sukhraj),https://blog.hubspot.com/marketing/answer-engine-optimization-best-practices,HubSpot
How to Optimize Content for ChatGPT: An AI Discovery Guide,2026-04-27T16:01:04Z,rsukhraj@hubspot.com (Ramona Sukhraj),https://blog.hubspot.com/marketing/how-to-optimize-content-for-chatgpt,HubSpot
AI citation tracking: How to track (and grow) AI engine citations,2026-04-24T14:42:12Z,,https://blog.hubspot.com/marketing/ai-citation-tracking,HubSpot
Generative engine optimization KPIs that actually matter for marketing teams,2026-04-23T16:04:53Z,,https://blog.hubspot.com/marketing/geo-kpis,HubSpot
AEO metrics every marketer should track in 2026,2026-04-22T18:18:49Z,,https://blog.hubspot.com/marketing/aeo-metrics,HubSpot
AEO Strategy for B2B: 9 Tactics to Increase B2B Answer Engine Visibility,2026-04-22T13:00:06Z,,https://blog.hubspot.com/marketing/aeo-b2b-strategy,HubSpot
The future of generative engine optimization: How 5 GEO trends reshape loop and inbound marketing,2026-04-21T13:00:07Z,,https://blog.hubspot.com/marketing/future-of-geo,HubSpot
8 Ways to Elevate Your Brand as a Creator or Entrepreneur (& Close the Pay Gap),2026-04-17T13:00:05Z,rsukhraj@hubspot.com (Ramona Sukhraj),https://blog.hubspot.com/marketing/grow-your-personal-brand-minority-creator,HubSpot
Answer engine optimization case studies that prove the ROI of AEO in 2026,2026-04-14T21:09:37Z,,https://blog.hubspot.com/marketing/answer-engine-optimization-case-studies,HubSpot
AEO vs. GEO explained: What marketers need to know now,2026-04-14T21:06:53Z,,https://blog.hubspot.com/marketing/aeo-vs-geo,HubSpot
SEO audits: How to conduct one that drives traffic growth [+ checklist],2026-04-14T21:03:06Z,,https://blog.hubspot.com/marketing/seo-audit,HubSpot
8 Generative engine optimization best practices your strategy needs,2026-04-14T21:00:43Z,rsukhraj@hubspot.com (Ramona Sukhraj),https://blog.hubspot.com/marketing/generative-engine-optimization-best-practices,HubSpot
How HubSpot became the #1 CRM in AI search [A case study],2026-04-14T18:55:48Z,,https://blog.hubspot.com/marketing/hubspot-aeo-case-study,HubSpot
What AEO rank trackers measure and why marketers need them,2026-04-14T16:15:18Z,arigby@hubspot.com (Amy Rigby),https://blog.hubspot.com/marketing/aeo-rank-trackers,HubSpot
AEO Insights: Building an Informed Answer Engine Strategy,2026-04-14T15:52:12Z,arigby@hubspot.com (Amy Rigby),https://blog.hubspot.com/marketing/aeo-insights,HubSpot
How to Show Up in ChatGPT Results and Get Noticed by Customers,2026-04-14T15:34:13Z,arigby@hubspot.com (Amy Rigby),https://blog.hubspot.com/marketing/how-to-show-up-in-chatgpt-results,HubSpot
The FSA framework explained: Why AI engines cite certain brands (and how marketers can use it),2026-04-14T14:49:23Z,,https://blog.hubspot.com/marketing/fsa-framework,HubSpot
AEO strategy for SaaS: 6 tactics that convert prospects into trials,2026-04-09T11:00:03Z,,https://blog.hubspot.com/marketing/aeo-for-saas-companies,HubSpot
Loop Marketing vs. traditional marketing: What’s the difference?,2026-04-08T11:00:04Z,,https://blog.hubspot.com/marketing/loop-marketing-vs-traditional-marketing,HubSpot
Marketing forecast fundamentals every growth team needs,2026-04-08T11:00:03Z,,https://blog.hubspot.com/marketing/marketing-forecast,HubSpot
Knowing About AI Isn't Enough. Here's How to Actually Use It.,2026-04-08T11:00:02Z,,https://blog.hubspot.com/marketing/ai-enablement,HubSpot
Profound vs. AthenaHQ AI: Which AEO platform fits your growth stack?,2026-04-06T11:00:04Z,,https://blog.hubspot.com/marketing/profound-vs-athenahq,HubSpot
Best workflow automation software: How to choose the right tool for your growth stage,2026-04-06T11:00:03Z,,https://blog.hubspot.com/marketing/workflow-automation-tools,HubSpot
AI-driven email personalization strategies that actually work,2026-04-06T11:00:03Z,,https://blog.hubspot.com/marketing/ai-driven-email-personalization,HubSpot
How AI improves email deliverability beyond send times,2026-04-02T11:00:01Z,,https://blog.hubspot.com/marketing/ai-email-deliverability-optimization,HubSpot
How to measure and communicate the value of social media,,,https://sproutsocial.com/insights/social-media-value/,Sprout Social
24 content marketing tools to optimize your strategy and ROI,,,https://sproutsocial.com/insights/content-marketing-tools/,Sprout Social
The economy is reshaping influencer storytelling ,,,https://sproutsocial.com/insights/influencer-marketing-storytelling/,Sprout Social
"Snapchat statistics, revenue and usage data for 2026",,,https://sproutsocial.com/insights/snapchat-statistics/,Sprout Social
How to master your brand’s TikTok link in bio,,,https://sproutsocial.com/insights/tiktok-link-in-bio-guide/,Sprout Social
How to start selling with YouTube Shopping and turn viewers into customers,,,https://sproutsocial.com/insights/youtube-shopping/,Sprout Social
Why brands need human-generated content ecosystems,,,https://sproutsocial.com/insights/human-generated-content/,Sprout Social
The power of social commerce in the UK: Growth opportunities in 2026,,,https://sproutsocial.com/insights/social-commerce-uk/,Sprout Social
A complete guide to social media content batching in 2026,,,https://sproutsocial.com/insights/social-media-content-batching/,Sprout Social
Breaking social out of the marketing silo,,,https://sproutsocial.com/insights/marketing-silos/,Sprout Social
9 social video metrics you need to track in 2026,,,https://blog.hootsuite.com/social-video-metrics/,Hootsuite
17 best social media tools for marketing teams in 2026,,,https://blog.hootsuite.com/social-media-tools/,Hootsuite
How to use Google Analytics 4 to track social media performance,,,https://blog.hootsuite.com/tracking-social-media-in-google-analytics/,Hootsuite
Best social listening tools for 2026 [free and paid],,,https://blog.hootsuite.com/social-listening-tools/,Hootsuite
Social media and politics: Rules and best practices,,,https://blog.hootsuite.com/social-media-and-politics/,Hootsuite
Social listening in 2026: A strategy guide,,,https://blog.hootsuite.com/social-listening-business/,Hootsuite
Social media APIs explained (in simple terms),,,https://blog.hootsuite.com/social-media-api/,Hootsuite
"Content moderation guide: Tips, tools, and FAQs",,,https://blog.hootsuite.com/content-moderation/,Hootsuite
Social media compliance: 2026 guide for regulated industries,,,https://blog.hootsuite.com/social-media-compliance/,Hootsuite
How to measure and increase social media engagement in 2026,,,https://blog.hootsuite.com/social-media-engagement/,Hootsuite
How to Adjust Your Content for LinkedIn’s New Feed Algorithm,,,https://www.socialmediaexaminer.com/how-to-adjust-your-content-for-linkedins-new-feed-algorithm/,Unknown
The Outlier Video Method: Using AI to Study What Works and Create Your Own,,,https://www.socialmediaexaminer.com/the-outlier-video-method-using-ai-to-study-what-works-and-create-your-own/,Unknown
YouTube Shorts: Hooks and Curiosity Loops That Explode Your Views,,,https://www.socialmediaexaminer.com/youtube-shorts-hooks-and-curiosity-loops-that-explode-your-views/,Unknown
Building Portable AI Workflows That You Can Take Anywhere,,,https://www.socialmediaexaminer.com/building-portable-ai-workflows-that-you-can-take-anywhere/,Unknown
2026 Social Media Marketing Industry Report,,,https://www.socialmediaexaminer.com/social-media-marketing-industry-report-2026/,Unknown
YouTube Tools That Scale Attention,,,https://www.socialmediaexaminer.com/youtube-tools-that-scale-attention/,Unknown
Upscaling Your People: Advanced AI Training,,,https://www.socialmediaexaminer.com/upscaling-your-people-advanced-ai-training/,Unknown
The Science of Attention: Creating Short-Form Videos People Won’t Skip,,,https://www.socialmediaexaminer.com/the-science-of-attention-creating-short-form-videos-people-wont-skip/,Unknown
Claude Code for Everyone: How to Get Started,,,https://www.socialmediaexaminer.com/claude-code-for-everyone-how-to-get-started/,Unknown
"New Instagram Tools to Drive Traffic, Optimize Your Content, and Establish Branding",,,https://www.socialmediaexaminer.com/new-instagram-tools-to-drive-traffic-optimize-your-content-and-establish-branding/,Unknown
Intro to Claude Cowork: How to Get Started,,,https://www.socialmediaexaminer.com/intro-to-claude-cowork-how-to-get-started/,Unknown
Increasing Conversions: Quick Wins That Work in 2026,,,https://www.socialmediaexaminer.com/increasing-conversions-quick-wins-that-work-in-2026/,Unknown
Getting Started With OpenClaw: Step-by-Step to Your First Bot,,,https://www.socialmediaexaminer.com/getting-started-with-openclaw-step-by-step-to-your-first-bot/,Unknown
Facebook’s 2026 Rules for Reach & Relevance,,,https://www.socialmediaexaminer.com/facebooks-2026-rules-for-reach-relevance/,Unknown
Advanced AI Deep Research: Uncover Insights Your Competitors Are Missing,,,https://www.socialmediaexaminer.com/advanced-ai-deep-research-uncover-insights-your-competitors-are-missing/,Unknown
Ads and AI: Leveraging AI Creative in 2026,,,https://www.socialmediaexaminer.com/ads-and-ai-leveraging-ai-creative-in-2026/,Unknown
AI Video Editing: Save Time and Create Better Videos,,,https://www.socialmediaexaminer.com/ai-video-editing-save-time-and-create-better-videos/,Unknown
LinkedIn Is Rewriting the Rules of Visibility,,,https://www.socialmediaexaminer.com/linkedin-is-rewriting-the-rules-of-visibility/,Unknown
How to Gain Superpowers With AI,,,https://www.socialmediaexaminer.com/how-to-gain-superpowers-with-ai/,Unknown
Ad Creative Strategy: The Easy Way to Improve Facebook and Instagram ROAS,,,https://www.socialmediaexaminer.com/ad-creative-strategy-the-easy-way-to-improve-facebook-and-instagram-roas/,Unknown
How Real-Time Data Unlocks 100X AI Performance,,,https://www.socialmediaexaminer.com/how-real-time-data-unlocks-100x-ai-performance/,Unknown
How to Use TikTok’s Verified Business Account Features and Local Feed,,,https://www.socialmediaexaminer.com/how-to-use-tiktoks-verified-business-account-features-and-local-feed/,Unknown
How to Sell AI Services Without Selling Your Soul,,,https://www.socialmediaexaminer.com/how-to-sell-ai-services-without-selling-your-soul/,Unknown
Improving Customer Experience: How to Increase Revenue and Profitability,,,https://www.socialmediaexaminer.com/improving-customer-experience-how-to-increase-revenue-and-profitability/,Unknown
The AI Tool Stack That Saves Creators Hours Every Week,,,https://www.socialmediaexaminer.com/the-ai-tool-stack-that-saves-creators-hours-every-week/,Unknown
"AI Content Alone Won’t Fix Your SEO Rankings (Here’s What Will) via @sejournal, @hethr_campbell",,,https://www.searchenginejournal.com/ai-content-alone-wont-fix-your-seo-rankings-heres-what-will/577380/,Unknown
"Google SERP Layout Shift: Position 1 Now Appears Halfway Down The Page via @sejournal, @lorenbaker",,,https://www.searchenginejournal.com/updated-serps-new-study-measures-the-serp-in-pixels-not-ranks-recap/577359/,Unknown
"Google AI Overview Data Looks Different For Commercial Queries via @sejournal, @MattGSouthern",,,https://www.searchenginejournal.com/google-ai-overview-data-looks-different-for-commercial-queries/577350/,Unknown
"Preferred Sources Expand, Gmail Brand Lift, Pichai On AI Overviews via @sejournal, @MattGSouthern",,,https://www.searchenginejournal.com/seo-pulse-preferred-sources-expand-gmail-brand-lift-pichai-on-ai-overviews/577173/,Unknown
"How To See If Competitors Are Advertising In Your Customers’ ChatGPT Answers via @sejournal, @trendos_com",,,https://www.searchenginejournal.com/see-competitor-ads-chatgpt-trendos-spa/575883/,Unknown
"You’re Using AI At The Execution Layer. The Value Is In The Judgment Layer via @sejournal, @DuaneForrester",,,https://www.searchenginejournal.com/youre-using-ai-at-the-execution-layer-the-value-is-in-the-judgment-layer/575747/,Unknown
"The AI Sameness Trap Is Quietly Eroding Your SEO Competitive Advantage via @sejournal, @TaylorDanRW",,,https://www.searchenginejournal.com/ai-convergence-seo/575879/,Unknown
"WordPress Market Share Declines For Six Months In A Row via @sejournal, @martinibuster",,,https://www.searchenginejournal.com/wordpress-market-share-in-decline/576042/,Unknown
"Is Performance Max Actually Better Than Running Separate Campaigns? – Ask A PPC via @sejournal, @brookeosmundson",,,https://www.searchenginejournal.com/ask-a-ppc-is-performance-max-actually-better-than-running-separate-campaigns/573174/,Unknown
"Google Preferred Sources Hit 345K, Expand Into AI Search via @sejournal, @MattGSouthern",,,https://www.searchenginejournal.com/google-preferred-sources-hit-345k-expand-into-ai-search/576032/,Unknown
"YouTube Now Auto-Detects AI Content, Labels It For Viewers via @sejournal, @MattGSouthern",,,https://www.searchenginejournal.com/youtube-now-auto-detects-ai-content-labels-it-for-viewers/576015/,Unknown
"Why Enterprise SEO Recommendations Fail – It’s Psychological, Not Technical via @sejournal, @billhunt",,,https://www.searchenginejournal.com/why-enterprise-seo-recommendations-fail-its-psychological-not-technical/574378/,Unknown
"Google’s Standards Haven’t Changed But AI Is Making That Harder To Ignore via @sejournal, @gregjarboe",,,https://www.searchenginejournal.com/googles-standards-havent-changed-but-ai-is-making-that-harder-to-ignore/575429/,Unknown
"Core Web Vitals: WordPress And Astro Versus Everyone Else via @sejournal, @martinibuster",,,https://www.searchenginejournal.com/core-web-vitals-wordpress-and-astro/575818/,Unknown
"Why LLMs Cite Reddit Instead Of Your Brand: A Practical AI Visibility Audit [Webinar] via @sejournal, @lorenbaker",,,https://www.searchenginejournal.com/why-llms-cite-reddit-instead-of-your-brand-a-practical-ai-visibility-audit-webinar/575727/,Unknown
"Gmail Content Shows Brand Visibility Boost In AI Mode via @sejournal, @MattGSouthern",,,https://www.searchenginejournal.com/gmail-content-linked-to-ai-mode-brand-visibility-lift/575917/,Unknown
"Google CEO Admits AI Overviews ‘More Opinionated Than It Should Be via @sejournal, @MattGSouthern",,,https://www.searchenginejournal.com/google-ceo-on-ai-overviews-more-opinionated-than-it-should-be/575902/,Unknown
"Google Is Retiring Standalone Display Campaigns In Favor Of Demand Gen via @sejournal, @brookeosmundson",,,https://www.searchenginejournal.com/google-is-retiring-standalone-display-campaigns-in-favor-of-demand-gen/575889/,Unknown
"How To: Optimize Your Small Business For AI-Powered Search via @sejournal, @lorenbaker",,,https://www.searchenginejournal.com/how-to-optimize-your-small-business-for-ai-powered-search-recap/575895/,Unknown
"Machine-First Architecture: How To Build Websites Machines Can Identify, Read, Cite & Use via @sejournal, @slobodanmanic",,,https://www.searchenginejournal.com/machine-first-architecture-how-to-build-websites-machines-can-identify-read-cite-use/574431/,Unknown
"AI Content Alone Won’t Fix Your SEO Rankings (Here’s What Will) via @sejournal, @hethr_campbell",,,https://www.searchenginejournal.com/ai-content-alone-wont-fix-your-seo-rankings-heres-what-will/577380/,Unknown
"Google SERP Layout Shift: Position 1 Now Appears Halfway Down The Page via @sejournal, @lorenbaker",,,https://www.searchenginejournal.com/updated-serps-new-study-measures-the-serp-in-pixels-not-ranks-recap/577359/,Unknown
"Google AI Overview Data Looks Different For Commercial Queries via @sejournal, @MattGSouthern",,,https://www.searchenginejournal.com/google-ai-overview-data-looks-different-for-commercial-queries/577350/,Unknown
"Preferred Sources Expand, Gmail Brand Lift, Pichai On AI Overviews via @sejournal, @MattGSouthern",,,https://www.searchenginejournal.com/seo-pulse-preferred-sources-expand-gmail-brand-lift-pichai-on-ai-overviews/577173/,Unknown
"How To See If Competitors Are Advertising In Your Customers’ ChatGPT Answers via @sejournal, @trendos_com",,,https://www.searchenginejournal.com/see-competitor-ads-chatgpt-trendos-spa/575883/,Unknown
"You’re Using AI At The Execution Layer. The Value Is In The Judgment Layer via @sejournal, @DuaneForrester",,,https://www.searchenginejournal.com/youre-using-ai-at-the-execution-layer-the-value-is-in-the-judgment-layer/575747/,Unknown
"The AI Sameness Trap Is Quietly Eroding Your SEO Competitive Advantage via @sejournal, @TaylorDanRW",,,https://www.searchenginejournal.com/ai-convergence-seo/575879/,Unknown
"WordPress Market Share Declines For Six Months In A Row via @sejournal, @martinibuster",,,https://www.searchenginejournal.com/wordpress-market-share-in-decline/576042/,Unknown
"Is Performance Max Actually Better Than Running Separate Campaigns? – Ask A PPC via @sejournal, @brookeosmundson",,,https://www.searchenginejournal.com/ask-a-ppc-is-performance-max-actually-better-than-running-separate-campaigns/573174/,Unknown
"Google Preferred Sources Hit 345K, Expand Into AI Search via @sejournal, @MattGSouthern",,,https://www.searchenginejournal.com/google-preferred-sources-hit-345k-expand-into-ai-search/576032/,Unknown
"YouTube Now Auto-Detects AI Content, Labels It For Viewers via @sejournal, @MattGSouthern",,,https://www.searchenginejournal.com/youtube-now-auto-detects-ai-content-labels-it-for-viewers/576015/,Unknown
"Why Enterprise SEO Recommendations Fail – It’s Psychological, Not Technical via @sejournal, @billhunt",,,https://www.searchenginejournal.com/why-enterprise-seo-recommendations-fail-its-psychological-not-technical/574378/,Unknown
"Google’s Standards Haven’t Changed But AI Is Making That Harder To Ignore via @sejournal, @gregjarboe",,,https://www.searchenginejournal.com/googles-standards-havent-changed-but-ai-is-making-that-harder-to-ignore/575429/,Unknown
"Core Web Vitals: WordPress And Astro Versus Everyone Else via @sejournal, @martinibuster",,,https://www.searchenginejournal.com/core-web-vitals-wordpress-and-astro/575818/,Unknown
"Why LLMs Cite Reddit Instead Of Your Brand: A Practical AI Visibility Audit [Webinar] via @sejournal, @lorenbaker",,,https://www.searchenginejournal.com/why-llms-cite-reddit-instead-of-your-brand-a-practical-ai-visibility-audit-webinar/575727/,Unknown
"Gmail Content Shows Brand Visibility Boost In AI Mode via @sejournal, @MattGSouthern",,,https://www.searchenginejournal.com/gmail-content-linked-to-ai-mode-brand-visibility-lift/575917/,Unknown
"Google CEO Admits AI Overviews ‘More Opinionated Than It Should Be via @sejournal, @MattGSouthern",,,https://www.searchenginejournal.com/google-ceo-on-ai-overviews-more-opinionated-than-it-should-be/575902/,Unknown
"Google Is Retiring Standalone Display Campaigns In Favor Of Demand Gen via @sejournal, @brookeosmundson",,,https://www.searchenginejournal.com/google-is-retiring-standalone-display-campaigns-in-favor-of-demand-gen/575889/,Unknown
"How To: Optimize Your Small Business For AI-Powered Search via @sejournal, @lorenbaker",,,https://www.searchenginejournal.com/how-to-optimize-your-small-business-for-ai-powered-search-recap/575895/,Unknown
"Machine-First Architecture: How To Build Websites Machines Can Identify, Read, Cite & Use via @sejournal, @slobodanmanic",,,https://www.searchenginejournal.com/machine-first-architecture-how-to-build-websites-machines-can-identify-read-cite-use/574431/,Unknown